{
  "session_id": "session_20251016_235335",
  "working_title": "The Accidental Lifeline",
  "primary_genre": "Drama",
  "episode_count": "3-6 episodes",
  "timestamp": "2025-10-18T15:45:14.937436",
  "reveal_taxonomy": {
    "must_know_by_episode": {
      "episode_1": [
        {
          "element": "Tom is a morning motivation coach who sends daily inspirational messages to a wrong number.",
          "category": "plot_critical",
          "audio_signature": "Tom's voiceover explaining the setup, sound of texting, ambient sounds of his office",
          "why_critical": "Establishes the premise and the initial conflict"
        },
        {
          "element": "Julia is a depressed ER doctor who receives Tom's messages.",
          "category": "character_foundation",
          "audio_signature": "Julia's voiceover or internal monologue, hospital sounds, her reactions to the messages",
          "why_critical": "Introduces the main character and her emotional state"
        },
        {
          "element": "Julia's reliance on Tom's messages as a lifeline.",
          "category": "relationship",
          "audio_signature": "Julia's thoughts about the messages, her emotional response to receiving them",
          "why_critical": "Sets up the emotional core of the story"
        }
      ],
      "episode_3": [
        {
          "element": "Tom's actual client complains about not receiving messages.",
          "category": "plot_critical",
          "audio_signature": "Client's voice over the phone, Tom's reaction, sound of Tom's office",
          "why_critical": "Introduces the inciting incident that will lead to the climax"
        },
        {
          "element": "Tom discovers the error and decides to track down the unknown recipient.",
          "category": "plot_critical",
          "audio_signature": "Tom's internal monologue, sound of him researching, phone calls, emails",
          "why_critical": "Moves the plot forward and sets up the meet-cute"
        }
      ],
      "episode_5": [
        {
          "element": "Julia and Tom meet in person on one of Julia's worst days.",
          "category": "plot_critical",
          "audio_signature": "Sounds of the hospital, Julia's emotional state, Tom's approach, their dialogue",
          "why_critical": "The climax of the story, where the main characters meet"
        },
        {
          "element": "Tom realizes the impact of his messages on Julia.",
          "category": "relationship",
          "audio_signature": "Tom's reaction, Julia's emotional breakdown, ambient sounds of the hospital",
          "why_critical": "Reveals the profound connection between the characters"
        }
      ]
    },
    "should_suspect_by_episode": {
      "episode_2": [
        {
          "element": "Julia has been anonymously funding Tom's coaching business.",
          "clue_type": "behavioral",
          "audio_execution": "Subtle hints in Julia's dialogue, sounds of her making payments, her thoughts about helping others",
          "confirmation_episode": 5,
          "fair_play": true
        }
      ],
      "episode_4": [
        {
          "element": "Julia has a complex personal life with underlying issues.",
          "clue_type": "behavioral",
          "audio_execution": "Her interactions with colleagues, moments of reflection, sounds of her home life",
          "confirmation_episode": 5,
          "fair_play": true
        }
      ]
    },
    "can_discover_in_episode": {
      "episode_2": [
        {
          "element": "Tom's past struggles with self-esteem.",
          "plant_type": "background_sound",
          "audio_execution": "Subtle hints in his dialogue, sounds of him reflecting on his past",
          "payoff_episode": 5,
          "relisten_value": "medium"
        }
      ],
      "episode_3": [
        {
          "element": "Julia's close relationship with a colleague in the ER.",
          "plant_type": "quick_line",
          "audio_execution": "Dialogue with the colleague, ambient sounds of their interactions",
          "payoff_episode": 5,
          "relisten_value": "low"
        }
      ]
    },
    "never_explicitly_stated": [
      {
        "element": "The exact nature of Julia's personal trauma.",
        "reason_for_ambiguity": "To maintain emotional depth and allow audience interpretation",
        "audio_implications": "Subtle hints in her dialogue, emotional reactions, ambient sounds",
        "audience_interpretation_range": "Could be a past relationship, a personal loss, or a professional failure"
      }
    ],
    "character_knowledge_grid": [
      {
        "character_name": "Tom",
        "knows_from_start": [
          "He sends daily motivational messages to a wrong number",
          "His messages are having a positive impact"
        ],
        "learns_episode_X": [
          "Julia is the recipient of his messages",
          "Julia has been funding his business"
        ],
        "never_learns": [
          "The exact nature of Julia's personal trauma"
        ],
        "audience_vs_character": "parallel"
      },
      {
        "character_name": "Julia",
        "knows_from_start": [
          "She receives daily motivational messages from a wrong number",
          "These messages are a lifeline for her"
        ],
        "learns_episode_X": [
          "Tom is the sender of the messages",
          "Tom's actual client never received the messages"
        ],
        "never_learns": [
          "The exact nature of Tom's past struggles"
        ],
        "audience_vs_character": "parallel"
      }
    ],
    "total_information_units": 14,
    "critical_reveals": 6,
    "clued_discoveries": 2,
    "subtle_plants": 2,
    "ambiguous_elements": 1
  },
  "reveal_methods": {
    "reveal_methods": [
      {
        "revelation_id": "001",
        "revelation": "Tom is a morning motivation coach who sends daily inspirational messages to a wrong number.",
        "method_number": 6,
        "method_name": "Cold Open Hook",
        "why_selected": "This method creates immediate engagement by starting with a dramatic moment, which is then explained later, establishing the premise intriguingly.",
        "audio_execution": "Start with the sound of Tom's voiceover explaining his morning routine, followed by the sound of texting and a brief ambient office noise. The scene then rewinds to the morning routine.",
        "audience_positioning": "Audience discovers before the character",
        "episode_revealed": 1,
        "episode_first_clue": 1,
        "relisten_impact": "On second listen, the audience will recognize the significance of the initial setup and the foreshadowing of the wrong number."
      },
      {
        "revelation_id": "002",
        "revelation": "Julia is a depressed ER doctor who receives Tom's messages.",
        "method_number": 36,
        "method_name": "Emotional Breakthrough",
        "why_selected": "This method is effective in a drama to reveal the emotional depth of a character, setting up the audience's connection with her.",
        "audio_execution": "Julia's voice breaking as she reads one of Tom's messages, followed by her internal monologue or thoughts about her current state.",
        "audience_positioning": "Audience discovers with the character",
        "episode_revealed": 1,
        "episode_first_clue": 1,
        "relisten_impact": "On second listen, the audience will understand the profound impact of Tom's messages on Julia's emotional state."
      },
      {
        "revelation_id": "003",
        "revelation": "Julia's reliance on Tom's messages as a lifeline.",
        "method_number": 23,
        "method_name": "Detective Puzzle",
        "why_selected": "This method allows the audience to piece together the clues and understand the significance of the messages to Julia, creating a deeper emotional investment.",
        "audio_execution": "Fair-play sound clues, such as Julia's emotional reactions to the messages, her daily routine, and subtle hints in her dialogue.",
        "audience_positioning": "Audience discovers before the character",
        "episode_revealed": 1,
        "episode_first_clue": 1,
        "relisten_impact": "On second listen, the audience will recognize the clues that indicate Julia's reliance on the messages."
      },
      {
        "revelation_id": "004",
        "revelation": "Tom's actual client complains about not receiving messages.",
        "method_number": 14,
        "method_name": "Ticking Clock",
        "why_selected": "This method creates urgency and tension, driving the plot forward as Tom must resolve the issue before it escalates.",
        "audio_execution": "Literal clock sounds or a metaphorical ticking sound, emphasizing the deadline. The client's voice over the phone, Tom's reaction, and the sound of his office.",
        "audience_positioning": "Audience discovers with the character",
        "episode_revealed": 3,
        "episode_first_clue": 3,
        "relisten_impact": "On second listen, the audience will feel the tension of the ticking clock and the stakes involved."
      },
      {
        "revelation_id": "005",
        "revelation": "Tom discovers the error and decides to track down the unknown recipient.",
        "method_number": 1,
        "method_name": "Breadcrumb Drip",
        "why_selected": "This method is effective in gradually building the audience's curiosity and engagement as Tom pieces together the mystery.",
        "audio_execution": "Incomplete sound cues, such as snippets of Tom's research, phone calls, and emails, that gain meaning when combined.",
        "audience_positioning": "Audience discovers before the character",
        "episode_revealed": 3,
        "episode_first_clue": 3,
        "relisten_impact": "On second listen, the audience will recognize the gradual build-up of information leading to Tom's decision."
      },
      {
        "revelation_id": "006",
        "revelation": "Julia and Tom meet in person on one of Julia's worst days.",
        "method_number": 8,
        "method_name": "Effect→Cause (Backwards Reveal)",
        "why_selected": "This method is powerful for the climax, showing the result (their meeting) and then working backwards to reveal the cause (Julia's worst day).",
        "audio_execution": "Reverse chronology via sound design, starting with the intense sounds of the hospital and their dialogue, then moving to the events leading up to the meeting.",
        "audience_positioning": "Audience discovers with the character",
        "episode_revealed": 5,
        "episode_first_clue": 1,
        "relisten_impact": "On second listen, the audience will appreciate the full context of their meeting and the emotional journey leading to it."
      },
      {
        "revelation_id": "007",
        "revelation": "Tom realizes the impact of his messages on Julia.",
        "method_number": 36,
        "method_name": "Emotional Breakthrough",
        "why_selected": "This method is ideal for revealing the profound connection between the characters, emphasizing the emotional core of the story.",
        "audio_execution": "Tom's reaction, Julia's emotional breakdown, and ambient sounds of the hospital, highlighting the moment of realization.",
        "audience_positioning": "Audience discovers with the character",
        "episode_revealed": 5,
        "episode_first_clue": 1,
        "relisten_impact": "On second listen, the audience will feel the depth of the connection and the impact of Tom's messages."
      },
      {
        "revelation_id": "008",
        "revelation": "Julia has been anonymously funding Tom's coaching business.",
        "method_number": 25,
        "method_name": "Fair-Play Mystery",
        "why_selected": "This method ensures that all clues are available to the audience, making the reveal satisfying and fair.",
        "audio_execution": "Subtle hints in Julia's dialogue, sounds of her making payments, and her thoughts about helping others, leading to the confirmation.",
        "audience_positioning": "Audience discovers before the character",
        "episode_revealed": 5,
        "episode_first_clue": 2,
        "relisten_impact": "On second listen, the audience will recognize the clues that they missed and the significance of Julia's actions."
      }
    ],
    "method_distribution": {
      "Breadcrumb Drip": 1,
      "Cold Open Hook": 1,
      "Emotional Breakthrough": 2,
      "Detective Puzzle": 1,
      "Ticking Clock": 1,
      "Backwards Reveal": 1,
      "Fair-Play Mystery": 1
    },
    "audio_execution_styles": {
      "voice_pattern_matching": 2,
      "sound_recontextualization": 3,
      "acoustic_memory_triggers": 2
    }
  },
  "plant_proof_payoff_grid": {
    "plant_proof_payoff_grid": [
      {
        "revelation_id": "001",
        "revelation": "Tom is a morning motivation coach who sends daily inspirational messages to a wrong number.",
        "plants": [
          {
            "plant_id": "P_001_001",
            "episode": 1,
            "scene": 1,
            "moment": "Tom's morning routine",
            "audio": "Sound of alarm clock, stretching, and the sound of typing on a phone",
            "dialogue": "Tom: 'Another day, another chance to inspire.'",
            "visibility": "subtle",
            "relisten_impact": "The audience will recognize the significance of Tom's routine and his dedication to his coaching."
          },
          {
            "plant_id": "P_001_002",
            "episode": 1,
            "scene": 2,
            "moment": "Tom's phone notification",
            "audio": "Notification sound, followed by the sound of a message being sent",
            "dialogue": "Tom: 'Message sent. Who knows who might need it today?'",
            "visibility": "moderate",
            "relisten_impact": "The audience will understand that Tom's messages are being sent to an unknown recipient."
          },
          {
            "plant_id": "P_001_003",
            "episode": 1,
            "scene": 3,
            "moment": "Tom's client list",
            "audio": "Sound of Tom scrolling through a list on his phone",
            "dialogue": "Tom: 'Where's that new client...?'",
            "visibility": "subtle",
            "relisten_impact": "The audience will realize that Tom is expecting to send messages to a specific client."
          }
        ],
        "proofs": [
          {
            "proof_id": "PR_001_001",
            "episode": 1,
            "scene": 4,
            "moment": "Tom's client calls",
            "audio": "Phone ringing, followed by a conversation",
            "dialogue": "Client: 'Tom, I haven't received my morning message for the past week.' Tom: 'I'll look into it right away.'",
            "evidence_type": "dialogue",
            "connects_to_plants": [
              "P_001_002",
              "P_001_003"
            ]
          }
        ],
        "payoff": {
          "payoff_id": "PY_001_001",
          "episode": 1,
          "scene": 5,
          "moment": "Tom discovers the wrong number",
          "audio": "Tom's phone showing the message history, followed by a sigh",
          "dialogue": "Tom: 'Oh no, I've been sending these to the wrong number all along.'",
          "impact": "Tom realizes his messages have been going to someone who is not his client.",
          "recontextualizes": "Tom's dedication to his morning routine and his messages now seem even more poignant, as they were reaching someone unexpected.",
          "relisten_value": "high"
        }
      },
      {
        "revelation_id": "002",
        "revelation": "Julia is a depressed ER doctor who receives Tom's messages.",
        "plants": [
          {
            "plant_id": "P_002_001",
            "episode": 1,
            "scene": 1,
            "moment": "Julia's morning routine",
            "audio": "Sound of a beeping alarm, followed by heavy sighing",
            "dialogue": "Julia: 'Another day, another shift.'",
            "visibility": "subtle",
            "relisten_impact": "The audience will recognize Julia's initial state of depression."
          },
          {
            "plant_id": "P_002_002",
            "episode": 1,
            "scene": 2,
            "moment": "Julia receives a message",
            "audio": "Notification sound, followed by the sound of Julia reading the message",
            "dialogue": "Julia: 'Start your day with gratitude. You are capable of great things.'",
            "visibility": "moderate",
            "relisten_impact": "The audience will understand that Julia is receiving Tom's messages."
          },
          {
            "plant_id": "P_002_003",
            "episode": 1,
            "scene": 3,
            "moment": "Julia's reaction to the message",
            "audio": "Soft sigh, followed by a slight smile",
            "dialogue": null,
            "visibility": "subtle",
            "relisten_impact": "The audience will recognize the positive impact of the message on Julia."
          }
        ],
        "proofs": [
          {
            "proof_id": "PR_002_001",
            "episode": 1,
            "scene": 4,
            "moment": "Julia's internal monologue",
            "audio": "Soft ambient hospital sounds, followed by Julia's voiceover",
            "dialogue": "Julia: 'I don't know who this Tom is, but his messages are the only thing that gets me through the day.'",
            "evidence_type": "dialogue",
            "connects_to_plants": [
              "P_002_002",
              "P_002_003"
            ]
          }
        ],
        "payoff": {
          "payoff_id": "PY_002_001",
          "episode": 1,
          "scene": 5,
          "moment": "Julia's emotional breakthrough",
          "audio": "Julia's voice breaking as she reads a message, followed by a pause",
          "dialogue": "Julia: 'Thank you, Tom. I needed that today.'",
          "impact": "Julia reveals that the messages are a lifeline for her.",
          "recontextualizes": "Julia's initial reaction to the message and her daily routine now show the depth of her reliance on the messages.",
          "relisten_value": "high"
        }
      },
      {
        "revelation_id": "003",
        "revelation": "Julia's reliance on Tom's messages as a lifeline.",
        "plants": [
          {
            "plant_id": "P_003_001",
            "episode": 1,
            "scene": 2,
            "moment": "Julia's morning routine",
            "audio": "Sound of Julia checking her phone for a message",
            "dialogue": "Julia: 'Come on, Tom, where's my message?'",
            "visibility": "moderate",
            "relisten_impact": "The audience will recognize Julia's anticipation of the message."
          },
          {
            "plant_id": "P_003_002",
            "episode": 1,
            "scene": 3,
            "moment": "Julia's emotional reaction",
            "audio": "Soft sigh of relief, followed by a slight smile",
            "dialogue": "Julia: 'I needed that.'",
            "visibility": "subtle",
            "relisten_impact": "The audience will understand the emotional impact of the message on Julia."
          },
          {
            "plant_id": "P_003_003",
            "episode": 1,
            "scene": 4,
            "moment": "Julia's work environment",
            "audio": "Ambient hospital sounds, followed by a tense moment",
            "dialogue": "Julia: 'I can't do this anymore...'",
            "visibility": "moderate",
            "relisten_impact": "The audience will recognize the stress and depression Julia is experiencing."
          }
        ],
        "proofs": [
          {
            "proof_id": "PR_003_001",
            "episode": 1,
            "scene": 5,
            "moment": "Julia's internal monologue",
            "audio": "Soft ambient hospital sounds, followed by Julia's voiceover",
            "dialogue": "Julia: 'Without Tom's messages, I don't know how I'd get through the day.'",
            "evidence_type": "dialogue",
            "connects_to_plants": [
              "P_003_001",
              "P_003_002",
              "P_003_003"
            ]
          }
        ],
        "payoff": {
          "payoff_id": "PY_003_001",
          "episode": 1,
          "scene": 6,
          "moment": "Julia's emotional breakthrough",
          "audio": "Julia's voice breaking as she reads a message, followed by a pause",
          "dialogue": "Julia: 'Thank you, Tom. I needed that today.'",
          "impact": "Julia explicitly states her reliance on Tom's messages as a lifeline.",
          "recontextualizes": "Julia's earlier reactions to the messages and her work environment now show the depth of her reliance.",
          "relisten_value": "high"
        }
      },
      {
        "revelation_id": "004",
        "revelation": "Tom's actual client complains about not receiving messages.",
        "plants": [
          {
            "plant_id": "P_004_001",
            "episode": 1,
            "scene": 2,
            "moment": "Tom's client list",
            "audio": "Sound of Tom scrolling through a list on his phone",
            "dialogue": "Tom: 'Where's that new client...?'",
            "visibility": "subtle",
            "relisten_impact": "The audience will realize that Tom is expecting to send messages to a specific client."
          },
          {
            "plant_id": "P_004_002",
            "episode": 1,
            "scene": 3,
            "moment": "Tom's phone notification",
            "audio": "Notification sound, followed by the sound of a message being sent",
            "dialogue": "Tom: 'Message sent. Who knows who might need it today?'",
            "visibility": "moderate",
            "relisten_impact": "The audience will understand that Tom's messages are being sent to an unknown recipient."
          },
          {
            "plant_id": "P_004_003",
            "episode": 1,
            "scene": 4,
            "moment": "Tom's morning routine",
            "audio": "Sound of alarm clock, stretching, and the sound of typing on a phone",
            "dialogue": "Tom: 'Another day, another chance to inspire.'",
            "visibility": "subtle",
            "relisten_impact": "The audience will recognize the significance of Tom's routine and his dedication to his coaching."
          }
        ],
        "proofs": [
          {
            "proof_id": "PR_004_001",
            "episode": 1,
            "scene": 5,
            "moment": "Tom's client calls",
            "audio": "Phone ringing, followed by a conversation",
            "dialogue": "Client: 'Tom, I haven't received my morning message for the past week.' Tom: 'I'll look into it right away.'",
            "evidence_type": "dialogue",
            "connects_to_plants": [
              "P_004_001",
              "P_004_002"
            ]
          }
        ],
        "payoff": {
          "payoff_id": "PY_004_001",
          "episode": 1,
          "scene": 6,
          "moment": "Tom discovers the wrong number",
          "audio": "Tom's phone showing the message history, followed by a sigh",
          "dialogue": "Tom: 'Oh no, I've been sending these to the wrong number all along.'",
          "impact": "Tom realizes his messages have been going to someone who is not his client.",
          "recontextualizes": "Tom's dedication to his morning routine and his messages now seem even more poignant, as they were reaching someone unexpected.",
          "relisten_value": "high"
        }
      }
    ],
    "grid_statistics": {
      "total_plants": 12,
      "total_proofs": 4,
      "total_payoffs": 4,
      "average_plants_per_revelation": 3,
      "audio_only_plants": 3,
      "plants_by_episode": {
        "1": 12
      }
    }
  },
  "red_herrings": {
    "red_herrings": [
      {
        "red_herring_id": "RH_001",
        "title": "Tom's Secret Past",
        "type": "false_revelation",
        "target": "Tom",
        "introduced_episode": 2,
        "audio_signature": "Whispered conversations overheard, tense background music, distant phone calls",
        "believability_factors": [
          "Tom is overly secretive about his past, avoiding questions.",
          "He receives mysterious phone calls and messages that he quickly dismisses."
        ],
        "suspicious_moments": [
          {
            "episode": 2,
            "scene": 3,
            "moment": "Tom receives a call and looks visibly shaken, quickly hanging up.",
            "audio": "Sound of a phone ringing, Tom's tense breathing, distant muffled voices"
          },
          {
            "episode": 4,
            "scene": 5,
            "moment": "Tom avoids talking about his family and becomes defensive when pressed.",
            "audio": "Tom's evasive tone, background tension"
          }
        ],
        "debunked_episode": 6,
        "debunk_method": "Tom confides in Julia about a past mistake he made, which was a personal failure but not a criminal act.",
        "debunk_audio": "Tom's heartfelt confession, soft background music, Julia's supportive response",
        "fair_play_clues": [
          "Tom's reluctance to talk about his past was mentioned early on.",
          "The mysterious calls were actually from an old friend trying to reconnect."
        ],
        "audience_reaction": "Relief and understanding, with a deeper connection to Tom's character",
        "adds_to_story": "Enhances Tom's character depth and builds trust between him and Julia"
      },
      {
        "red_herring_id": "RH_002",
        "title": "Julia's Stalker",
        "type": "false_suspect",
        "target": "Julia",
        "introduced_episode": 3,
        "audio_signature": "Creepy ambient sounds, whispered threats, sudden noises",
        "believability_factors": [
          "Julia receives threatening messages and finds signs of someone watching her.",
          "A colleague mentions a former patient with a history of stalking."
        ],
        "suspicious_moments": [
          {
            "episode": 3,
            "scene": 4,
            "moment": "Julia finds a threatening note in her locker.",
            "audio": "Sound of Julia opening the locker, a note falling, eerie background music"
          },
          {
            "episode": 5,
            "scene": 2,
            "moment": "Julia hears footsteps following her in a dark parking garage.",
            "audio": "Echoing footsteps, Julia's quickened breathing, tense music"
          }
        ],
        "debunked_episode": 6,
        "debunk_method": "The threatening messages and signs are revealed to be a misunderstanding caused by a misdirected prank.",
        "debunk_audio": "Julia's realization, a friend admitting to the prank, relieved laughter",
        "fair_play_clues": [
          "The threatening note was written in a playful font, hinting at a prank.",
          "Julia's friend had mentioned planning a surprise for her."
        ],
        "audience_reaction": "Relief and amusement, with a sense of camaraderie",
        "adds_to_story": "Introduces a lighter moment and strengthens Julia's relationships with her colleagues"
      },
      {
        "red_herring_id": "RH_003",
        "title": "The Mysterious Donor",
        "type": "object_macguffin",
        "target": "Julia's patient",
        "introduced_episode": 2,
        "audio_signature": "Clinical sounds, hospital beeps, whispered conversations",
        "believability_factors": [
          "A mysterious donor provides a crucial organ for a patient, saving their life.",
          "The donor remains anonymous, leading to speculation about their identity."
        ],
        "suspicious_moments": [
          {
            "episode": 2,
            "scene": 5,
            "moment": "Julia discovers the donor's identity is unknown and wonders about their motives.",
            "audio": "Julia's voiceover, hospital sounds, her typing on a computer"
          },
          {
            "episode": 4,
            "scene": 7,
            "moment": "Julia receives a letter from the donor, thanking her for her care.",
            "audio": "Sound of Julia opening the envelope, reading the letter, soft music"
          }
        ],
        "debunked_episode": 5,
        "debunk_method": "The donor is revealed to be a long-lost relative of the patient, who wanted to remain anonymous to avoid attention.",
        "debunk_audio": "Julia's conversation with the patient's family, their emotional reunion, background hospital sounds",
        "fair_play_clues": [
          "The donor's letter mentioned a family connection.",
          "The patient's family had previously hinted at a distant relative."
        ],
        "audience_reaction": "Warmth and a sense of closure",
        "adds_to_story": "Adds a touching subplot and deepens the patient's backstory"
      },
      {
        "red_herring_id": "RH_004",
        "title": "Tom's Secret Client",
        "type": "misdirection_plot",
        "target": "Tom's business",
        "introduced_episode": 3,
        "audio_signature": "Professional phone calls, business meetings, background office sounds",
        "believability_factors": [
          "Tom mentions a high-profile client who is crucial to his business.",
          "He is secretive about the client's identity and the nature of their work."
        ],
        "suspicious_moments": [
          {
            "episode": 3,
            "scene": 2,
            "moment": "Tom takes a phone call and steps out of the room, looking nervous.",
            "audio": "Phone ringing, Tom's hushed conversation, office background"
          },
          {
            "episode": 5,
            "scene": 4,
            "moment": "Tom receives a large payment from an unknown source.",
            "audio": "Sound of a notification, Tom's surprised reaction, office sounds"
          }
        ],
        "debunked_episode": 6,
        "debunk_method": "The client is revealed to be a regular motivational speaker who was just starting out and needed Tom's guidance.",
        "debunk_audio": "Tom explaining the client's background, their friendly conversation, office sounds",
        "fair_play_clues": [
          "Tom had mentioned helping new speakers before.",
          "The payment was labeled as a consulting fee."
        ],
        "audience_reaction": "Understanding and a sense of Tom's generosity",
        "adds_to_story": "Shows Tom's commitment to his profession and his willingness to help others"
      }
    ],
    "misdirection_timeline": {
      "episode_1": [],
      "episode_2": [
        "RH_001",
        "RH_003"
      ],
      "episode_3": [
        "RH_002",
        "RH_004"
      ],
      "episode_4": [
        "RH_001",
        "RH_002",
        "RH_003"
      ],
      "episode_5": [
        "RH_002",
        "RH_003",
        "RH_004"
      ],
      "episode_6": [
        "RH_001",
        "RH_002",
        "RH_004"
      ]
    },
    "red_herring_stats": {
      "total_red_herrings": 4,
      "average_duration": "3.5 episodes",
      "false_suspects": 1,
      "misdirection_plots": 1,
      "object_macguffins": 1,
      "false_revelations": 1
    }
  },
  "fairness_check": {
    "solvability_analysis": {
      "overall_verdict": "partially_solvable",
      "revelation_solvability": [
        {
          "revelation": "Julia is the recipient of Tom's messages",
          "solvable_by_episode": 3,
          "revealed_in_episode": 5,
          "required_clues": [
            "Tom's actual client complains about not receiving messages",
            "Tom discovers the error and decides to track down the unknown recipient"
          ],
          "difficulty": "medium",
          "fair_play": true,
          "reasoning": "The clues are present and fairly distributed, but the exact identity of the recipient is not explicitly hinted at until Tom starts his search."
        },
        {
          "revelation": "Julia has been funding Tom's coaching business",
          "solvable_by_episode": 2,
          "revealed_in_episode": 5,
          "required_clues": [
            "Julia has been anonymously funding Tom's coaching business"
          ],
          "difficulty": "hard",
          "fair_play": true,
          "reasoning": "The clue is subtle and requires close attention to Julia's behavior and dialogue, making it harder to piece together."
        },
        {
          "revelation": "Julia's close relationship with a colleague in the ER",
          "solvable_by_episode": 4,
          "revealed_in_episode": 5,
          "required_clues": [
            "Julia's close relationship with a colleague in the ER"
          ],
          "difficulty": "easy",
          "fair_play": true,
          "reasoning": "The clue is presented clearly in Julia's interactions, making it easier to infer the relationship."
        }
      ],
      "solvability_tiers": {
        "easy": 1,
        "medium": 1,
        "hard": 1,
        "ambiguous": 0
      }
    },
    "relisten_value_analysis": {
      "overall_rating": "high",
      "recontextualized_moments": [
        {
          "moment": "Julia's subtle hints about her financial contributions",
          "first_listen_meaning": "Julia is just being supportive",
          "relisten_meaning": "Julia is secretly funding Tom's business",
          "impact": "high"
        },
        {
          "moment": "Tom's reflections on his past struggles with self-esteem",
          "first_listen_meaning": "Tom is reflecting on his personal growth",
          "relisten_meaning": "This explains why Tom is so invested in his messages and business",
          "impact": "medium"
        },
        {
          "moment": "Julia's interactions with her colleague in the ER",
          "first_listen_meaning": "A supportive professional relationship",
          "relisten_meaning": "A deeper, possibly personal relationship",
          "impact": "medium"
        }
      ],
      "rewatchability_score": 0.85,
      "easter_eggs": 3,
      "face_palm_moments": 2
    },
    "clue_findability": {
      "all_clues_hearable": true,
      "audio_only_clues": 3,
      "hidden_in_mix": 0,
      "clearly_presented": 3,
      "requires_keen_ear": 0,
      "unfair_hiding": 0
    },
    "information_balance": {
      "distribution": {
        "obvious": 0.4,
        "visible": 0.35,
        "hidden": 0.2,
        "obscure": 0.05
      },
      "by_episode": [
        {
          "episode": 1,
          "obvious": 0.4,
          "visible": 0.35,
          "hidden": 0.2,
          "obscure": 0.05
        },
        {
          "episode": 2,
          "obvious": 0.3,
          "visible": 0.4,
          "hidden": 0.25,
          "obscure": 0.05
        },
        {
          "episode": 3,
          "obvious": 0.35,
          "visible": 0.35,
          "hidden": 0.25,
          "obscure": 0.05
        },
        {
          "episode": 4,
          "obvious": 0.3,
          "visible": 0.4,
          "hidden": 0.25,
          "obscure": 0.05
        },
        {
          "episode": 5,
          "obvious": 0.5,
          "visible": 0.3,
          "hidden": 0.15,
          "obscure": 0.05
        }
      ],
      "balance_verdict": "well_balanced"
    },
    "fair_play_adherence": {
      "all_clues_before_reveals": true,
      "no_arbitrary_withholding": true,
      "red_herrings_logical": true,
      "audience_has_tools": true,
      "reveals_feel_earned": true,
      "no_deus_ex_machina": true,
      "character_knowledge_fair": true,
      "audio_clues_fair": true
    },
    "overall_fairness_rating": 4,
    "rating_explanation": "The story respects fair play principles and provides a good balance of obvious and hidden clues. The relistening value is high, and the revelations feel earned. However, some clues are quite subtle, which might make them harder to detect for some listeners.",
    "recommendations": [
      "Consider adding more subtle audio cues in the background to hint at Julia's funding of Tom's business.",
      "Ensure that the emotional depth of Julia's personal trauma is hinted at more clearly to avoid ambiguity."
    ]
  }
}