{
  "World Building System": {
    "session_id": "session_20251016_235335",
    "timestamp": "2025-10-18T15:31:24.326752",
    "project_info": {
      "working_title": "The Accidental Lifeline",
      "primary_genre": "Drama",
      "setting_type": "Realistic Contemporary",
      "time_period": "Present day, set in a contemporary urban environment with modern technology and social dynamics",
      "core_premise": "A bustling city with a major hospital and various urban settings"
    },
    "geography_spaces": {
      "key_locations": [
        {
          "location_id": "loc_001",
          "name": "Tom's Apartment",
          "description": "A cozy, modern apartment with large windows overlooking the city. The space is filled with motivational posters and a desk with a computer, creating a calm and focused environment.",
          "sonic_signature": {
            "ambient_layer_1": "Constant background sound of city traffic at 30dB",
            "ambient_layer_2": "Periodic sounds of a clock ticking every 1 second",
            "ambient_layer_3": "Random environmental sounds like distant sirens every 3-8 min",
            "ambient_layer_4": "Rain tapping on windows during storms, wind howling around corners",
            "ambient_layer_5": "Soft hum of a desktop computer, occasional rustle of papers, gentle sound of a desk fan"
          },
          "distinctive_sounds": [
            "Clock ticking",
            "Desk fan"
          ],
          "acoustic_properties": {
            "reverb_time": "0.5s (small room)",
            "frequency_response": "Balanced, with slight bass roll-off due to carpeting",
            "sound_dampening": "Thick curtains and carpet absorb high frequencies",
            "spatial_characteristics": "Sound is contained, with minimal echo"
          },
          "weather_impact": "Rain increases the ambient noise level, wind adds a low-frequency rumble",
          "time_variations": {
            "day_vs_night": "Daytime has more city noise, nighttime is quieter with occasional night owls",
            "empty_vs_full": "Occupied with Tom's presence, the space feels warmer and more vibrant"
          },
          "emotional_tone": "Calming and introspective, with a sense of focus and determination",
          "story_function": "Tom's personal sanctuary where he reflects and prepares for challenges"
        },
        {
          "location_id": "loc_002",
          "name": "Julia's Office",
          "description": "A professional, well-lit office with medical charts, a desk, and a comfortable waiting area. The space is designed for patient consultations and personal reflection.",
          "sonic_signature": {
            "ambient_layer_1": "Constant background sound of a quiet ventilation system at 25dB",
            "ambient_layer_2": "Periodic sounds of a computer keyboard typing",
            "ambient_layer_3": "Random environmental sounds like a phone ringing or a patient coughing",
            "ambient_layer_4": "Rain tapping on the roof, wind rustling through trees near the window",
            "ambient_layer_5": "Low murmur of a conversation, the occasional page turning"
          },
          "distinctive_sounds": [
            "Phone ringing",
            "Keyboard typing"
          ],
          "acoustic_properties": {
            "reverb_time": "0.7s (medium-sized room)",
            "frequency_response": "Slightly more midrange due to hard surfaces",
            "sound_dampening": "Curtains and furniture absorb high frequencies",
            "spatial_characteristics": "Sound is clear but with a slight echo"
          },
          "weather_impact": "Rain adds a soft, rhythmic background, wind can cause occasional rattling of windows",
          "time_variations": {
            "day_vs_night": "Daytime is busier with patient consultations, nighttime is quieter with personal reflection",
            "empty_vs_full": "Occupied, the office feels more dynamic and purposeful"
          },
          "emotional_tone": "Professional and reflective, with a sense of calm and control",
          "story_function": "Primary setting for Julia's professional life and patient interactions"
        },
        {
          "location_id": "loc_003",
          "name": "Sarah's House",
          "description": "A warm, family-oriented home with a cozy living room, a kitchen filled with the aroma of home-cooked meals, and a garden that provides a peaceful retreat.",
          "sonic_signature": {
            "ambient_layer_1": "Constant background sound of a kitchen fan at 20dB",
            "ambient_layer_2": "Periodic sounds of a dog barking or a child laughing",
            "ambient_layer_3": "Random environmental sounds like a doorbell ringing or a dish clinking",
            "ambient_layer_4": "Rain pattering on the roof, wind rustling through leaves",
            "ambient_layer_5": "Soft background music, the occasional clinking of dishes, a child's toy rattling"
          },
          "distinctive_sounds": [
            "Dog barking",
            "Child laughing"
          ],
          "acoustic_properties": {
            "reverb_time": "0.6s (medium-sized room)",
            "frequency_response": "Warm, with a balanced response across frequencies",
            "sound_dampening": "Furniture, rugs, and curtains absorb sound",
            "spatial_characteristics": "Sound is warm and enveloping"
          },
          "weather_impact": "Rain adds a soothing background, wind can cause occasional rattling of windows",
          "time_variations": {
            "day_vs_night": "Daytime is lively with family activities, nighttime is calm and intimate",
            "empty_vs_full": "Occupied, the house feels vibrant and full of life"
          },
          "emotional_tone": "Warm and inviting, with a sense of home and comfort",
          "story_function": "Sarah's personal life and family dynamics are explored here"
        },
        {
          "location_id": "loc_004",
          "name": "Hospital Corridors",
          "description": "Long, sterile hallways with a constant flow of medical staff, patients, and visitors. The space is designed for efficiency and quick access to various departments.",
          "sonic_signature": {
            "ambient_layer_1": "Constant background sound of beeping machines at 45dB",
            "ambient_layer_2": "Periodic sounds of footsteps and the occasional door opening",
            "ambient_layer_3": "Random environmental sounds like a pager beeping or a trolley rolling",
            "ambient_layer_4": "Rain dripping from the ceiling or echoing in the halls, wind whistling through windows",
            "ambient_layer_5": "Distant hum of medical equipment, the occasional patient's cough or moan"
          },
          "distinctive_sounds": [
            "Beeping machines",
            "Footsteps"
          ],
          "acoustic_properties": {
            "reverb_time": "1.5s (hallway)",
            "frequency_response": "Bright, with a lot of mid and high frequencies due to hard surfaces",
            "sound_dampening": "Minimal, with hard floors and walls reflecting sound",
            "spatial_characteristics": "Sound is sharp and can carry far"
          },
          "weather_impact": "Rain can cause a slight increase in ambient noise, wind can be heard through windows",
          "time_variations": {
            "day_vs_night": "Daytime is busier with staff and patients, nighttime is quieter with occasional night shifts",
            "empty_vs_full": "Occupied, the corridors feel more active and urgent"
          },
          "emotional_tone": "Stressful and high-stakes, with a sense of urgency and tension",
          "story_function": "Central hub for medical emergencies and character interactions"
        },
        {
          "location_id": "loc_005",
          "name": "Park at Night",
          "description": "A quiet, well-lit park with benches, trees, and a small pond. The space is a peaceful retreat from the city, especially at night.",
          "sonic_signature": {
            "ambient_layer_1": "Constant background sound of distant traffic at 25dB",
            "ambient_layer_2": "Periodic sounds of footsteps on gravel or the occasional bird call",
            "ambient_layer_3": "Random environmental sounds like insects chirping or leaves rustling",
            "ambient_layer_4": "Rain pattering on leaves, wind rustling through trees",
            "ambient_layer_5": "Gentle water sounds from the pond, the occasional distant car horn"
          },
          "distinctive_sounds": [
            "Pond water sounds",
            "Leaves rustling"
          ],
          "acoustic_properties": {
            "reverb_time": "1.0s (outdoor)",
            "frequency_response": "Balanced, with a slight emphasis on low frequencies",
            "sound_dampening": "Trees and grass absorb high frequencies",
            "spatial_characteristics": "Sound is natural and spreads out"
          },
          "weather_impact": "Rain adds a soothing background, wind can cause rustling and swaying of trees",
          "time_variations": {
            "day_vs_night": "Daytime is more active with joggers and families, nighttime is calm and serene",
            "empty_vs_full": "Occupied, the park feels more lively and social"
          },
          "emotional_tone": "Peaceful and reflective, with a sense of tranquility and solitude",
          "story_function": "A place for characters to reflect and find solace"
        },
        {
          "location_id": "loc_006",
          "name": "Café",
          "description": "A cozy, bustling spot with the clinking of cups, soft background music, and the murmur of conversations. The space is a neutral ground where characters can interact more personally.",
          "sonic_signature": {
            "ambient_layer_1": "Constant background sound of soft background music at 35dB",
            "ambient_layer_2": "Periodic sounds of cups clinking or a barista grinding coffee",
            "ambient_layer_3": "Random environmental sounds like a customer laughing or a door opening",
            "ambient_layer_4": "Rain pattering on the roof, wind whistling through open windows",
            "ambient_layer_5": "Murmur of conversations, the occasional coffee machine hiss"
          },
          "distinctive_sounds": [
            "Cups clinking",
            "Coffee machine hiss"
          ],
          "acoustic_properties": {
            "reverb_time": "0.8s (medium-sized room)",
            "frequency_response": "Balanced, with a slight emphasis on mid frequencies",
            "sound_dampening": "Furniture and carpets absorb high frequencies",
            "spatial_characteristics": "Sound is warm and enveloping"
          },
          "weather_impact": "Rain adds a soft, rhythmic background, wind can cause occasional rattling of windows",
          "time_variations": {
            "day_vs_night": "Daytime is busier with customers, nighttime is quieter with a more relaxed atmosphere",
            "empty_vs_full": "Occupied, the café feels vibrant and social"
          },
          "emotional_tone": "Warm and inviting, with a sense of community and comfort",
          "story_function": "A place for characters to meet, interact, and build relationships"
        }
      ],
      "travel_times_and_sounds": [
        {
          "from_location": "Tom's Apartment",
          "to_location": "Julia's Office",
          "travel_time": "10 minutes by car",
          "journey_sounds": "Car engine, traffic, occasional horn, arrival cue",
          "acoustic_transition": "From the quiet, focused environment of Tom's apartment to the professional, bustling atmosphere of Julia's office"
        },
        {
          "from_location": "Julia's Office",
          "to_location": "Sarah's House",
          "travel_time": "15 minutes by car",
          "journey_sounds": "Car engine, traffic, radio, arrival cue",
          "acoustic_transition": "From the professional, controlled environment of Julia's office to the warm, family-oriented atmosphere of Sarah's house"
        },
        {
          "from_location": "Sarah's House",
          "to_location": "Hospital Corridors",
          "travel_time": "20 minutes by car",
          "journey_sounds": "Car engine, traffic, siren, arrival cue",
          "acoustic_transition": "From the cozy, vibrant atmosphere of Sarah's house to the sterile, high-stress environment of the hospital"
        },
        {
          "from_location": "Hospital Corridors",
          "to_location": "Park at Night",
          "travel_time": "10 minutes by car",
          "journey_sounds": "Car engine, traffic, arrival cue",
          "acoustic_transition": "From the tense, urgent atmosphere of the hospital to the peaceful, reflective environment of the park"
        },
        {
          "from_location": "Park at Night",
          "to_location": "Café",
          "travel_time": "5 minutes by foot",
          "journey_sounds": "Footsteps on pavement, distant traffic, arrival cue",
          "acoustic_transition": "From the calm, natural environment of the park to the cozy, social atmosphere of the café"
        },
        {
          "from_location": "Café",
          "to_location": "Tom's Apartment",
          "travel_time": "15 minutes by car",
          "journey_sounds": "Car engine, traffic, radio, arrival cue",
          "acoustic_transition": "From the warm, social atmosphere of the café to the quiet, focused environment of Tom's apartment"
        }
      ]
    },
    "social_systems": {
      "government_authority": {
        "structure": "A centralized government with a clear chain of command from the mayor down to local officials.",
        "power_dynamics": "Authority flows from the top, with the mayor having the highest power, followed by department heads, and then local officials.",
        "audio_manifestations": [
          "Higher ranks use a more authoritative and formal tone, often speaking slower and more deliberately.",
          "Acoustic spaces for authority figures are large, echo-prone rooms with hardwood floors and high ceilings to project power.",
          "Official actions are marked by the sound of gavels, stamps, and the formal announcement of decisions."
        ],
        "speech_patterns_by_rank": {
          "high_authority": "Formal, measured, and authoritative, often using a baritone voice and enunciating clearly.",
          "middle_authority": "More conversational but still formal, with a clear and steady pace, using a mid-range voice.",
          "low_authority": "More casual, with a higher pitch and faster pace, often including filler words and less formal language."
        },
        "official_sounds": [
          "Gavels, stamps, official announcements, sirens, badges"
        ]
      },
      "economic_structure": {
        "description": "A mixed economy with a strong service sector, a vibrant middle class, and a significant working class.",
        "class_indicators_through_sound": {
          "wealthy": "Environmental sounds include classical music, the soft hum of luxury vehicles, and the distant sound of golf courses. Voice quality is refined, with a clear and well-modulated tone. Acoustic spaces are spacious and well-insulated, reducing external noise.",
          "middle_class": "Environmental sounds include the hum of everyday appliances, children playing, and occasional traffic. Voice quality is clear but less formal, with a natural speaking pace. Acoustic spaces are comfortable, with a balance of hard and soft surfaces to manage sound.",
          "working_class": "Environmental sounds include the noise of machinery, the bustle of markets, and the sound of public transportation. Voice quality is more varied, with a faster speaking pace and a broader range of accents. Acoustic spaces are more open and less insulated, with more ambient noise."
        },
        "economic_activities_sounds": [
          "The sound of cash registers and credit card machines in stores, the bustle of market stalls, and the hum of industrial machinery in factories."
        ],
        "economic_tensions_audio": "Class conflict is marked by the contrast between the quiet, refined sounds of the wealthy and the loud, chaotic sounds of the working class. Tensions are often expressed through raised voices and the sound of protests."
      },
      "social_hierarchies": {
        "hierarchy_levels": [
          {
            "level": "Top tier",
            "description": "Wealthy business owners, high-ranking government officials, and influential community leaders.",
            "audio_profile": "They are often heard in quiet, exclusive environments with minimal background noise. Their voices are calm, measured, and authoritative, often speaking in a lower volume with a clear and resonant tone."
          },
          {
            "level": "Middle tier",
            "description": "Middle managers, professionals, and small business owners.",
            "audio_profile": "They are heard in moderately busy environments with some background noise. Their voices are clear and confident, with a moderate pace and a friendly tone, often using a mid-range volume."
          },
          {
            "level": "Lower tier",
            "description": "Workers, service industry employees, and low-income individuals.",
            "audio_profile": "They are often heard in noisy environments with a lot of ambient sound. Their voices are more varied, with a faster speaking pace and a higher pitch, often using a higher volume to be heard over the noise."
          }
        ],
        "respect_audio_cues": "Respect is shown through attentive listening, with lower ranks pausing and lowering their voice when speaking to higher ranks. Disrespect is marked by interrupting, speaking over others, and using a louder, more aggressive tone.",
        "social_mobility_sounds": "As individuals move up the social ladder, their environment becomes quieter and more refined, and their speech patterns become more formal and measured. Their voices may become more resonant, and they may use a lower volume and a more deliberate pace."
      },
      "cultural_norms": {
        "key_customs": [
          {
            "custom": "Weekly community meetings where residents gather to discuss local issues and share news.",
            "associated_sounds": "The sound of people gathering, casual conversations, and the occasional applause or laughter.",
            "frequency": "Once a week",
            "participation_sounds": "Residents contribute by speaking in turn, with a mix of formal and informal speech patterns. Elders often speak with a more authoritative tone, while younger participants use a more casual and enthusiastic tone."
          },
          {
            "custom": "Annual cultural festival celebrating the city's heritage with music, dance, and food.",
            "associated_sounds": "Live music, the sounds of traditional instruments, the laughter and cheers of attendees, and the sizzle of food cooking.",
            "frequency": "Once a year",
            "participation_sounds": "Participants join in with singing, dancing, and enthusiastic responses to performances. The atmosphere is lively and joyful, with a mix of formal and informal interactions."
          }
        ],
        "dialogue_sound_patterns": {
          "formality_spectrum": "Formal speech is characterized by clear enunciation, a slower pace, and a more authoritative tone. Informal speech is faster, more relaxed, and uses more colloquial language and a higher pitch.",
          "cultural_greetings": "Standard greetings include 'Good morning/afternoon/evening' spoken in a warm, clear voice. Informal greetings might include 'Hey there' or 'What's up' with a more casual tone.",
          "taboo_sounds": "Whistling indoors is considered unlucky and is generally avoided. Swearing and raised voices are also frowned upon in public settings."
        },
        "trust_distrust_acoustics": "Trust is reflected in a more open and relaxed acoustic space, with a lower volume and a more conversational tone. Distrust is marked by a more closed and tense environment, with a higher volume and a more rigid, formal tone."
      }
    },
    "technology_magic": {
      "setting_type": "Contemporary",
      "available_systems": [
        {
          "system_id": "tech_001",
          "name": "Smartphone",
          "type": "Communication",
          "how_it_works": "A handheld device that allows for voice calls, text messages, and internet browsing.",
          "sound_signature": {
            "activation_sound": "A soft chime followed by a subtle vibration",
            "idle_sound": "A faint, periodic low hum from the processor",
            "operation_sound": "Typing clicks, notification dings, and screen swipe sounds",
            "deactivation_sound": "A gentle chime and a brief vibration",
            "malfunction_sound": "Repetitive beeps and a static-like buzz"
          },
          "acoustic_properties": {
            "frequency_range": "Mid to high frequency",
            "volume_level": "40-60 dB",
            "sound_quality": "Digital",
            "spatial_behavior": "Sound emanates from the device, can be directional"
          },
          "prevalence": "Common",
          "limitations": "Battery life, signal strength, and data usage",
          "story_use": "Facilitates instant communication and information access, common in urban settings",
          "character_familiarity": "Virtually everyone knows how to use a smartphone, but some may be more tech-savvy than others"
        },
        {
          "system_id": "tech_002",
          "name": "Ambulance Sirens",
          "type": "Utility",
          "how_it_works": "High-decibel sound emitters used to alert other vehicles and pedestrians to make way for emergency vehicles.",
          "sound_signature": {
            "activation_sound": "A loud, rising and falling wail",
            "idle_sound": "Continuous wailing or alternating tones",
            "operation_sound": "Loud, piercing siren with a distinct rhythm",
            "deactivation_sound": "A rapid decrescendo of the siren",
            "malfunction_sound": "Irregular, stuttering siren sounds"
          },
          "acoustic_properties": {
            "frequency_range": "Mid to high frequency",
            "volume_level": "110-120 dB",
            "sound_quality": "Mechanical",
            "spatial_behavior": "Sound is highly directional and can penetrate buildings"
          },
          "prevalence": "Common",
          "limitations": "Battery life, noise pollution, and legal restrictions",
          "story_use": "Highlights urgency and emergency situations, common in hospital and urban settings",
          "character_familiarity": "Recognizable by most, but not everyone knows the specific sounds of different sirens"
        },
        {
          "system_id": "tech_003",
          "name": "MRI Machine",
          "type": "Utility",
          "how_it_works": "A medical imaging device that uses strong magnetic fields and radio waves to produce detailed images of the body.",
          "sound_signature": {
            "activation_sound": "A series of loud, repetitive clicks and clacks",
            "idle_sound": "A constant, low-frequency hum",
            "operation_sound": "Loud, rhythmic tapping and buzzing",
            "deactivation_sound": "A gradual decrease in the tapping sounds",
            "malfunction_sound": "Irregular, chaotic tapping and buzzing"
          },
          "acoustic_properties": {
            "frequency_range": "Low to mid frequency",
            "volume_level": "70-80 dB",
            "sound_quality": "Mechanical",
            "spatial_behavior": "Sound is contained within the room but can be heard through walls"
          },
          "prevalence": "Uncommon",
          "limitations": "Expensive, requires specialized training, and can be uncomfortable for patients",
          "story_use": "Highlights advanced medical care and diagnostic procedures",
          "character_familiarity": "Medical professionals and patients who have undergone the procedure"
        },
        {
          "system_id": "tech_004",
          "name": "Elevator",
          "type": "Transportation",
          "how_it_works": "A mechanical device that moves people and objects between floors in a building.",
          "sound_signature": {
            "activation_sound": "A soft chime and a gentle whirring of the motor",
            "idle_sound": "A faint, constant hum from the motor",
            "operation_sound": "Smooth, steady mechanical sounds with periodic clicks and whirs",
            "deactivation_sound": "A soft chime and a gentle whirring as it stops",
            "malfunction_sound": "Grinding and screeching sounds, or a sudden, loud thud"
          },
          "acoustic_properties": {
            "frequency_range": "Mid to low frequency",
            "volume_level": "40-50 dB",
            "sound_quality": "Mechanical",
            "spatial_behavior": "Sound is contained within the elevator shaft but can be heard in nearby areas"
          },
          "prevalence": "Common",
          "limitations": "Capacity, speed, and maintenance",
          "story_use": "Facilitates movement in high-rise buildings, common in urban settings",
          "character_familiarity": "Most people are familiar with elevator sounds"
        },
        {
          "system_id": "tech_005",
          "name": "Public Address System",
          "type": "Communication",
          "how_it_works": "A system used to amplify and broadcast audio messages to a large audience.",
          "sound_signature": {
            "activation_sound": "A brief static pop followed by a low hum",
            "idle_sound": "A faint, constant hum from the speakers",
            "operation_sound": "Clear, amplified voice or other audio content",
            "deactivation_sound": "A brief static pop",
            "malfunction_sound": "Distorted audio, feedback, or static"
          },
          "acoustic_properties": {
            "frequency_range": "Full spectrum",
            "volume_level": "60-90 dB",
            "sound_quality": "Digital",
            "spatial_behavior": "Sound is omnidirectional and can be heard throughout the area"
          },
          "prevalence": "Common",
          "limitations": "Sound quality, range, and clarity",
          "story_use": "Used for announcements and emergency alerts in public spaces",
          "character_familiarity": "Most people are familiar with PA systems, but some may be more experienced in using them"
        }
      ],
      "period_specific_tech": {
        "modern_exists": [
          "Smartphones",
          "Ambulance Sirens",
          "MRI Machines",
          "Elevators",
          "Public Address Systems"
        ],
        "outdated_present": [
          "Pagers",
          "VCRs",
          "Film Cameras"
        ],
        "audio_contrast": "Modern tech tends to have cleaner, more digital sounds, while outdated tech has more mechanical and analog characteristics. Modern tech is often quieter and more precise, while older tech can be louder and more prone to static or mechanical noises."
      },
      "sound_design_notes": "The sound design for this world should reflect the modern, urban environment with a mix of familiar, everyday sounds and the occasional advanced technology. The goal is to create a realistic and immersive soundscape that enhances the drama and realism of the setting."
    },
    "history_lore": {
      "timeline": [
        {
          "time_period": "25 years ago",
          "event_name": "The Great Fire",
          "what_happened": "A devastating fire broke out in the old downtown area, destroying several historic buildings and displacing many residents. The fire was later found to be caused by a faulty electrical system in an abandoned factory.",
          "common_knowledge": "The fire is remembered as a tragic event that led to the modernization of the downtown area. The city council passed new safety regulations and rebuilt the area with modern buildings.",
          "secrets": "A small group of residents believes the fire was arson, sparked by developers who wanted to clear the area for new construction. They have been trying to gather evidence to prove their theory.",
          "affects_present": "The new buildings and safety regulations have changed the landscape and culture of the downtown area. The fire also led to the creation of a memorial park, which is a central location in the story.",
          "audio_manifestations": {
            "how_spoken_about": "With a mix of sadness and pride for the city's resilience",
            "sonic_impact_on_present": "The sound of sirens during fire drills, the gentle rustling of leaves in the memorial park, and the hum of modern buildings",
            "flashback_audio_design": "Crackling fire, distant sirens, panicked voices, and the sound of water from fire hoses",
            "associated_audio_motif": "A somber, low-pitched melody with the occasional sound of a bell tolling"
          },
          "character_connections": "Tom's father was a firefighter who helped save many lives during the fire. Julia's office is located in one of the new buildings constructed after the fire."
        },
        {
          "time_period": "15 years ago",
          "event_name": "The Park Incident",
          "what_happened": "A young couple, Sarah and Mark, were attacked in the park at night. Mark was killed, and Sarah was left with severe injuries. The incident led to increased security measures in the park and surrounding areas.",
          "common_knowledge": "The park incident is a cautionary tale used to remind people to be vigilant and avoid isolated areas at night. The park now has better lighting and security cameras.",
          "secrets": "Sarah has never fully recovered from the trauma and has become a recluse. She occasionally visits the park at night, which has become a source of local gossip.",
          "affects_present": "The park is now a safer place, but the incident has left a lasting impact on Sarah's life and the community's perception of safety.",
          "audio_manifestations": {
            "how_spoken_about": "With a tone of caution and respect for the victims",
            "sonic_impact_on_present": "The sound of rustling leaves, distant footsteps, and the occasional chirp of crickets in the park at night",
            "flashback_audio_design": "The sound of a struggle, heavy breathing, and the distant wail of sirens",
            "associated_audio_motif": "A tense, high-pitched string motif with occasional dissonant notes"
          },
          "character_connections": "Sarah is the survivor of the attack and lives with the trauma. Tom, as a friend, has supported her over the years."
        },
        {
          "time_period": "10 years ago",
          "event_name": "The Hospital Expansion",
          "what_happened": "The city's major hospital underwent a significant expansion, adding new wings and state-of-the-art medical equipment. The expansion was funded by a combination of government grants and private donations.",
          "common_knowledge": "The hospital is now one of the best in the region, known for its cutting-edge medical technology and patient care. It has become a symbol of the city's commitment to healthcare.",
          "secrets": "The expansion project was riddled with corruption, with several officials accepting bribes from construction companies. The truth has never been fully exposed.",
          "affects_present": "The hospital is a vital part of the city's infrastructure, but the hidden corruption has left some staff and patients feeling uneasy about its true intentions.",
          "audio_manifestations": {
            "how_spoken_about": "With a mix of pride and skepticism",
            "sonic_impact_on_present": "The sound of beeping medical equipment, the hum of the MRI machine, and the constant chatter of hospital staff",
            "flashback_audio_design": "The sound of construction, drills, and the voices of officials cutting the ribbon",
            "associated_audio_motif": "A clinical, sterile sound with a steady, rhythmic pulse"
          },
          "character_connections": "Julia works in the hospital's administration and has firsthand knowledge of the expansion's true cost."
        }
      ],
      "myths_legends": [
        {
          "myth_name": "The Ghost of the Park",
          "story": "It is said that the spirit of Mark, the young man killed in the park, still wanders the grounds at night, searching for his lost love, Sarah. Some claim to have seen his figure or heard his cries.",
          "truth_level": "False",
          "cultural_importance": "The story serves as a warning to stay away from the park at night and is often told to children to instill a sense of caution.",
          "sonic_themes": {
            "audio_motif": "A mournful, ethereal melody with the sound of wind and leaves rustling",
            "how_its_told": "Whispered in a hushed, eerie tone",
            "environmental_sounds": "The park at night, with ambient sounds of nature and the distant hum of the city",
            "listener_reactions": "Gasps and fearful whispers"
          },
          "story_relevance": "Sarah's visits to the park at night are influenced by this legend, adding to her character's complexity and the story's tension."
        },
        {
          "myth_name": "The Fire Survivor",
          "story": "According to local lore, one of the firefighters who saved lives during the Great Fire was a hero who never left the scene. Some say he still walks the streets of the downtown area, watching over the city.",
          "truth_level": "Partially True",
          "cultural_importance": "The story is a symbol of the city's resilience and the bravery of its first responders. It is often told to inspire people to be courageous in the face of adversity.",
          "sonic_themes": {
            "audio_motif": "A heroic, uplifting melody with the sound of a steady heartbeat",
            "how_its_told": "With a tone of admiration and respect",
            "environmental_sounds": "The downtown area, with the sounds of bustling city life and the occasional siren",
            "listener_reactions": "Pride and a sense of security"
          },
          "story_relevance": "Tom's father is the firefighter who is said to have never left the scene, adding a personal connection to the legend and influencing Tom's character arc."
        }
      ],
      "common_vs_secret_knowledge": {
        "what_everyone_knows": "The Great Fire and the Park Incident are remembered as tragic events that led to positive changes in the city. The hospital expansion is seen as a symbol of progress and modernization.",
        "what_few_know": "The fire may have been arson, and the park incident has left Sarah traumatized. The hospital expansion was marred by corruption.",
        "how_secrets_sound_different": "When the truth is spoken, the tone is hushed and wary, with a sense of unease. The audio cues are more subtle, with whispered dialogue and tense background sounds."
      },
      "acoustic_echoes": "The sounds of sirens, the rustling of leaves, and the hum of modern buildings all serve as acoustic echoes of the past events, subtly reminding the characters and audience of the history that shapes the present."
    },
    "sensory_palette": {}
  }
}