{
  "Narrator Strategy Recommendation": {
    "session_id": "session_20251016_235335",
    "timestamp": "2025-10-18T14:15:09.369592",
    "working_title": "The Accidental Lifeline",
    "executive_summary": "Based on comprehensive analysis (score: 47), this project is recommended for a with narrator approach. The quantitative analysis reveals high scores for 'crucial_internal_thoughts' (4) and 'emotional_subtext_needing_voice' (5), indicating that a narrator would be essential for conveying the complex emotional landscape of this drama. The story's delicate balance between light and dark moments would benefit from narrative guidance to maintain emotional resonance. The target audience (25-45) will appreciate the depth a narrator provides, especially as the series progresses into darker themes. A character narrator in real-time would create immediate emotional connection while effectively conveying the progression from lighter to darker moments, allowing for authentic reactions to unfolding events and enhancing intimacy during both tender moments and conflicts.",
    "quantitative_analysis": {
      "complexity_factors": {
        "multiple_timelines_locations": 1,
        "large_cast": 2,
        "crucial_internal_thoughts": 4,
        "exposition_cant_be_shown_via_dialogue": 3,
        "world_building_requirements": 1,
        "historical_technical_context": 0,
        "time_jumps_between_scenes": 1
      },
      "audio_clarity_factors": {
        "scene_transition_clarity": 3,
        "character_identification_challenges": 3,
        "action_sequence_comprehension": 3,
        "emotional_subtext_needing_voice": 5,
        "pacing_control_requirements": 4
      },
      "stylistic_factors": {
        "genre_conventions_expectation": 4,
        "intimate_vs_distant_tone_desired": 4,
        "literary_vs_cinematic_approach": 4,
        "poetic_thematic_commentary_value": 3,
        "humor_delivery_opportunities": 2
      },
      "total_score": "47",
      "classification": "31-50: Could work either way"
    },
    "sample_scenes": {
      "scene_context": "A pivotal confrontation where Jordan discovers Alex has been hiding a serious illness, leading to an emotional breakthrough that both strains and strengthens their relationship.",
      "version_a_with_narrator": {
        "title": "The Weight of Truth",
        "content": "The rain pounded against the apartment windows as Alex and Jordan stood in the dimly lit living room. Weeks of tension had led to this moment, with Alex becoming increasingly distant and Jordan growing more frustrated by the secrecy. As the storm raged outside, a different kind of storm brewed between them.\n\nJordan held up the pharmacy bag they'd found tucked away in Alex's desk, the prescription label clearly visible. 'Explain this,' they demanded, their voice trembling with a mixture of anger and fear.\n\nAlex's shoulders slumped, the weight of the secret finally too heavy to bear. They had wanted to protect Jordan from the worry, to handle this alone, but now the truth was laid bare. 'I didn't want you to worry,' Alex whispered, avoiding eye contact.\n\nThe narrator's voice softened as it described the internal struggle playing out in Alex's mind—the fear of burdening Jordan warring with the loneliness of facing illness alone. Meanwhile, Jordan's expression shifted from anger to concern as the realization dawned that Alex's secrecy came from a place of protection, not distrust.\n\n'How long?' Jordan asked, setting the bag down and moving closer.\n\n'Six months,' Alex admitted, finally meeting Jordan's gaze. 'The doctors say it's manageable, but...'\n\nJordan reached out, taking Alex's hand in theirs. 'You don't have to do this alone,' they said, the earlier frustration replaced by unwavering support. In that moment, something shifted between them—a deeper understanding forged in vulnerability and trust.\n\nAs the rain began to lighten outside, the narrator noted how the space between the two characters had transformed, the distance replaced by a newfound closeness that would carry them through the challenges ahead.",
        "narrator_functions": [
          "scene setting",
          "character thoughts",
          "transitions",
          "context"
        ]
      },
      "version_b_without_narrator": {
        "title": "Storms and Secrets",
        "content": "[SFX: Heavy rain pounding against windows]\n\nJORDAN: (Voice strained with emotion) What is this? I found it in your desk, hidden behind all those files.\n\n[SFX: Rustling of a paper bag]\n\nALEX: (Voice defensive, then defeated) It's nothing. Just... something I'm dealing with.\n\nJORDAN: Nothing? Alex, this is a prescription for medication I've never heard of. Why would you hide this from me?\n\n[SFX: Clock ticking in the background]\n\nALEX: (Voice breaking) I didn't want you to worry. You have enough on your plate without...\n\nJORDAN: (Interrupting, voice softening) Without what? Without you? That's not how this works.\n\n[SFX: Footsteps moving closer]\n\nJORDAN: How long, Alex?\n\nALEX: (Sighing) Six months. The doctors say it's manageable, but the treatments... some days are harder than others.\n\nJORDAN: (Voice thick with emotion) Six months? You've been going through this alone for six months?\n\n[SFX: Rain beginning to lighten]\n\nALEX: I thought I was protecting you.\n\nJORDAN: (Gentle but firm) You don't get to make that decision by yourself. We're in this together. Whatever this is, we face it together.\n\n[SFX: Soft intake of breath]\n\nALEX: (Voice trembling) Really? Even after I lied?\n\nJORDAN: Especially because you thought you were protecting me. That's what people who love each other do, even when they're wrong about how to do it.\n\n[SFX: Rain now a gentle patter]\n\nALEX: (Voice filled with relief) I don't deserve you.\n\nJORDAN: (Warm, caring) That's where you're wrong. Now, tell me everything.",
        "alternative_strategies": [
          "dialogue exposition",
          "sound effects",
          "character reactions"
        ]
      }
    },
    "narrator_strategy_options": {
      "narrator_identity_options": [
        {
          "option": "A: Omniscient third-person",
          "description": "Knows all, professional, neutral voice",
          "pros": [
            "Provides comprehensive perspective across all characters",
            "Maintains balanced tone effectively between light and dark moments",
            "Can seamlessly transition between different emotional states",
            "Able to provide context for complex relationships as they develop"
          ],
          "cons": [
            "May create emotional distance from characters",
            "Less intimate than first-person perspectives",
            "Could potentially undermine the raw emotional impact of darker moments"
          ],
          "best_for": "This story's progression from light to darker moments, allowing the narrator to maintain the delicate emotional balance while providing insight into multiple character perspectives"
        },
        {
          "option": "B: Character narrator (retrospective)",
          "description": "A character tells the story later; biased, emotional",
          "pros": [
            "Can frame dark moments with the wisdom of hindsight",
            "Adds emotional depth through personal reflection",
            "Creates natural opportunities for balancing light and dark through memory",
            "Establishes immediate connection with adult audience through life-learned perspective"
          ],
          "cons": [
            "May reveal too much about future events",
            "Limited to one character's interpretation of events",
            "Could diminish tension if the narrator is known to survive"
          ],
          "best_for": "Stories where the emotional journey and personal growth are central, particularly effective for the target audience (25-45) who can appreciate reflection on past experiences"
        },
        {
          "option": "C: Character narrator (real-time)",
          "description": "Internal monologue style; present tense, intimate",
          "pros": [
            "Creates immediate emotional connection with listeners",
            "Effectively conveys the progression from lighter to darker moments",
            "Allows for authentic reactions to unfolding events",
            "Enhances intimacy during tender moments and intensifies impact during conflicts"
          ],
          "cons": [
            "Limited to a single character's perspective",
            "May miss important developments outside the narrator's view",
            "Could become emotionally exhausting during darker moments"
          ],
          "best_for": "Character-driven dramas where emotional immediacy is paramount, particularly effective for conveying the subtle balance between hope and despair"
        },
        {
          "option": "D: Witness narrator",
          "description": "Secondary character observing; limited knowledge",
          "pros": [
            "Offers unique perspective on main characters' relationships",
            "Can provide both emotional distance and intimate observation",
            "Creates natural tension through limited knowledge",
            "Can serve as the audience surrogate for moral questions"
          ],
          "cons": [
            "May not have access to key emotional moments",
            "Could feel peripheral to the main story",
            "Limited perspective might frustrate during complex plot developments"
          ],
          "best_for": "Stories where the main characters' relationships need an outside observer, particularly effective when the witness has personal investment in the outcome"
        },
        {
          "option": "E: Themed narrator",
          "description": "A conceptual entity (e.g., Life, Fate, Connection); unique perspective, affected voice",
          "pros": [
            "Can provide profound thematic commentary on life's accidents",
            "Offers unique perspective on the balance of light and dark",
            "Creates memorable, distinctive listening experience",
            "Can frame events within larger philosophical context"
          ],
          "cons": [
            "Risk of overshadowing character development",
            "May feel gimmicky if not executed well",
            "Could distract from emotional moments with stylistic flourishes"
          ],
          "best_for": "Stories with strong thematic elements about life's unexpected connections, particularly when the title 'The Accidental Lifeline' suggests a conceptual approach to the narrative"
        }
      ],
      "presence_level_options": [
        {
          "level": "Heavy",
          "percentage": "40-50% of runtime",
          "description": "Narrator guides most scenes",
          "use_case": "When the careful balance of light and dark moments requires explicit framing, particularly effective in early episodes for establishing characters and their relationships, and in later episodes when emotional challenges intensify"
        },
        {
          "level": "Moderate",
          "percentage": "20-30% of runtime",
          "description": "Narrator appears regularly",
          "use_case": "When the story needs consistent emotional guidance but characters' dialogue and actions carry significant weight, ideal for maintaining the balance between showing and telling the emotional journey"
        },
        {
          "level": "Light",
          "percentage": "10-15% of runtime",
          "description": "Narrator appears occasionally",
          "use_case": "When the emotional balance is primarily conveyed through character interactions, with narrator appearing to frame transitions between light and dark moments or provide context for complex emotional shifts"
        },
        {
          "level": "Minimal",
          "percentage": "<5% (transitions only)",
          "description": "Narrator only for transitions",
          "use_case": "When the story's emotional balance can be conveyed entirely through character dialogue and actions, with minimal guidance needed for time shifts or scene transitions"
        }
      ],
      "narrator_functions": [
        "Scene setting",
        "Time transitions",
        "Character identification",
        "Internal thoughts",
        "Thematic commentary",
        "Humor delivery",
        "Emotional guidance",
        "Plot clarification",
        "World-building",
        "Tension control"
      ]
    },
    "definitive_recommendation": {
      "recommendation": "With Narrator",
      "justification": "The quantitative analysis reveals high scores for 'crucial_internal_thoughts' (4) and 'emotional_subtext_needing_voice' (5), indicating that a narrator would be essential for conveying the complex emotional landscape of this drama. The story's delicate balance between light and dark moments would benefit from narrative guidance to maintain emotional resonance. The target audience (25-45) will appreciate the depth a narrator provides, especially as the series progresses into darker themes. A character narrator in real-time would create immediate emotional connection while effectively conveying the progression from lighter to darker moments, allowing for authentic reactions to unfolding events and enhancing intimacy during both tender moments and conflicts.",
      "implementation_details": {
        "if_with_narrator": {
          "narrator_type": "C: Character narrator (real-time)",
          "presence_level": "Moderate",
          "voice_casting_notes": {
            "gender": "any",
            "age_range": "30-40",
            "voice_quality": "Warm, expressive, with authentic emotional range and ability to convey vulnerability"
          },
          "key_functions": [
            "Internal thoughts",
            "Emotional guidance",
            "Scene transitions",
            "Thematic commentary",
            "Pacing control"
          ],
          "example_narrator_lines": [
            "The rain matched the storm in my heart as I watched Jordan discover the secret I'd tried so desperately to hide.",
            "In that moment, I realized how much my attempt to protect them had actually wounded them instead.",
            "As the space between us closed, I felt the weight of months of loneliness begin to lift, replaced by something fragile but hopeful.",
            "The darkness of the illness had created a chasm between us, but in this moment of truth, I saw the first light of a bridge forming.",
            "I had thought facing this diagnosis alone was brave, but now I understood that true courage meant letting someone stand beside you in the storm."
          ]
        },
        "if_without_narrator": {
          "character_identification_strategy": "",
          "scene_transition_strategy": "",
          "exposition_delivery_strategy": "",
          "internal_thought_alternatives": "",
          "timeline_clarification_strategy": ""
        },
        "if_hybrid": {
          "when_narrator_appears": "",
          "presence_triggers": "",
          "absence_justification": "",
          "implementation_guidelines": ""
        }
      }
    },
    "implementation_guidelines": {
      "if_with_narrator": {
        "narrator_type": "C: Character narrator (real-time)",
        "presence_level": "Moderate",
        "voice_casting_notes": {
          "gender": "any",
          "age_range": "30-40",
          "voice_quality": "Warm, expressive, with authentic emotional range and ability to convey vulnerability"
        },
        "key_functions": [
          "Internal thoughts",
          "Emotional guidance",
          "Scene transitions",
          "Thematic commentary",
          "Pacing control"
        ],
        "example_narrator_lines": [
          "The rain matched the storm in my heart as I watched Jordan discover the secret I'd tried so desperately to hide.",
          "In that moment, I realized how much my attempt to protect them had actually wounded them instead.",
          "As the space between us closed, I felt the weight of months of loneliness begin to lift, replaced by something fragile but hopeful.",
          "The darkness of the illness had created a chasm between us, but in this moment of truth, I saw the first light of a bridge forming.",
          "I had thought facing this diagnosis alone was brave, but now I understood that true courage meant letting someone stand beside you in the storm."
        ]
      },
      "if_without_narrator": {
        "character_identification_strategy": "",
        "scene_transition_strategy": "",
        "exposition_delivery_strategy": "",
        "internal_thought_alternatives": "",
        "timeline_clarification_strategy": ""
      },
      "if_hybrid": {
        "when_narrator_appears": "",
        "presence_triggers": "",
        "absence_justification": "",
        "implementation_guidelines": ""
      }
    },
    "pipeline_impact_assessment": {
      "episode_structure_impact": {
        "openings": "The narrator can establish setting, context, and tone efficiently at the beginning of each episode, providing immediate orientation for the target 25-45 age demographic. This allows for consistent opening structures that can be adapted as episode count and length are determined.",
        "scene_transitions": "Narrator enables smooth transitions between scenes through explicit descriptions and bridging commentary, reducing the need for complex sound design to indicate changes in time, location, or perspective. This is particularly valuable given the unknown episode structure.",
        "cliffhanger_delivery": "The narrator can strategically build and deliver cliffhangers through vocal pacing, tone, and emphasis, creating dramatic tension that can be precisely controlled regardless of episode length. This provides flexibility in designing episode endings.",
        "runtime_allocation": "Narration allows for precise control of runtime through adjustable descriptive passages and internal monologue, making it easier to hit target episode lengths once they're established. The narrator can expand or contract explanations to fit time constraints."
      },
      "writing_style_impact": {
        "dialogue_naturalism": "Dialogue can be more natural and less expository since the narrator handles setting descriptions and background information. Characters can speak more authentically without needing to convey contextual details, appealing to the mature 25-45 audience.",
        "sound_design_complexity": "Reduces reliance on complex sound design to establish environments, as the narrator can describe settings and actions. This creates a more flexible production pipeline that can adapt as episode specifics are finalized.",
        "character_voice_burden": "Character voices have less burden to carry the storytelling weight, as the narrator provides connective tissue and context. This allows for more focused and potentially fewer character performances, simplifying casting.",
        "pacing_control": "The narrator provides consistent pacing control, able to slow down for emotional moments or speed up during action sequences. This creates a stable narrative rhythm that can be maintained regardless of episode count or length variations."
      },
      "production_impact": {
        "additional_casting": "Potentially reduces the need for extensive voice casting since the narrator can describe multiple characters and situations. This offers production flexibility and cost savings, particularly valuable with unknown episode parameters.",
        "recording_logistics": "Recording is streamlined with a central narrator performance to anchor the production. Character voices can be recorded separately and integrated, allowing for more flexible scheduling and potentially simpler coordination.",
        "edit_complexity": "Editing requires careful balancing of narrator and character voice levels, but benefits from a clear narrative backbone. The consistent narrator presence provides reference points that can simplify the editing process as episode structure evolves.",
        "budget_implications": "Generally more cost-effective approach due to potentially fewer voice actors and simplified sound design requirements. The narrator strategy provides budget flexibility that accommodates uncertainty about episode count and length."
      },
      "audience_experience_impact": {
        "intimacy_vs_distance": "Creates a balanced emotional distance appropriate for drama, allowing the 25-45 audience to connect with characters while maintaining perspective. The narrator acts as a guide who can modulate intimacy based on story needs.",
        "clarity_vs_discovery": "Favors clarity through explicit descriptions and context, reducing ambiguity while still allowing for character-driven discovery. This suits the drama genre and mature audience who appreciate nuanced storytelling.",
        "guided_vs_independent": "Provides a guided experience that ensures consistent interpretation of key plot points and themes, valuable for maintaining narrative cohesion across an unknown number of episodes.",
        "cognitive_load": "Reduces cognitive load by providing clear context and transitions, allowing the adult audience to focus on character development and thematic elements rather than tracking complex structural elements."
      }
    }
  }
}