Category,Title,Duration/Span,Placement,Core Idea,Audio Element,Inspired By
Micro-Moment,First Lifeline,45 sec,"Episode 1, opening scene",Julia receives her first accidental inspirational text from Tom during her lowest moment.,Sound of a phone notification cutting through heavy rain and Julia's sobs,Strategic Silence as Narrative Device (Normal People)
Micro-Moment,Morning Routine,60 sec,"Episode 2, morning after shift","Julia waits for Tom's daily text, showing how it's becoming part of her routine.",Sound of coffee brewing with soft ambient morning light music,Emotional Balance Modulation (Silver Linings Playbook)
Micro-Moment,ER Chaos,75 sec,"Episode 3, mid-episode","Julia faces a traumatic ER situation, her clinical demeanor hiding her emotional turmoil.",Rapid medical terminology and urgent equipment sounds fading into muffled background,Character Voice Differentiation (Silver Linings Playbook)
Micro-Moment,Text Breakthrough,50 sec,"Episode 3, following ER chaos","During a break, Julia reads a perfectly timed text from Tom that helps her recenter.",Sound of locker room door closing and text notification with gentle piano motif,Music as Emotional Narrator (Begin Again)
Micro-Moment,Tom's Revelation,90 sec,"Episode 5, turning point","Tom's actual client confronts him about never receiving messages, leading to his realization of the mistake.",Sound of coffee cup being set down harshly on table surface,Conversational Intimacy (Before Sunrise)
Micro-Moment,Digital Detective,60 sec,"Episode 6, early in episode","Tom works to track down Julia's number, feeling increasingly desperate to make things right.",Sound of keyboard typing with subtle ticking clock motif,Creative Process Documentation (Begin Again)
Micro-Moment,Worst Day,80 sec,"Episode 7, opening scene","Julia faces a catastrophic day at work, unaware that Tom has discovered her identity.",Sound of heart monitor flatlining followed by frantic medical response,Emotional Sound Dissociation (Eternal Sunshine)
Micro-Moment,Unexpected Arrival,70 sec,"Episode 7, midpoint","Tom finds Julia outside the hospital after her shift, catching her completely off guard.","Sound of hospital automatic doors opening to city noise, then footsteps approaching",Quick Character Establishment (Modern Love)
Micro-Moment,Truth Revealed,85 sec,"Episode 7, climax",Tom explains the texting mistake while Julia struggles to process that her lifeline was accidental.,Sound of rain beginning to fall as Tom starts his explanation,Subtextual Vocal Modulation (Past Lives)
Micro-Moment,Silent Understanding,45 sec,"Episode 8, following confrontation","Tom and Julia sit in silence, the weight of the situation hanging between them.",Sound of distant ambulance siren fading into background,Emotional Pausing Technique (Past Lives)
Micro-Moment,Julia's Confession,75 sec,"Episode 8, emotional turning point",Julia breaks down and admits to Tom how his messages saved her life multiple times.,Sound of Julia's voice cracking as she begins to speak,Subtle Emotional Pacing (Before Sunrise)
Micro-Moment,Tom's Story,90 sec,"Episode 9, midpoint","Tom shares his own struggles and why he became a motivation coach, revealing his own vulnerabilities.",Sound of Tom taking a deep breath before beginning his story,Cultural Authenticity (The Big Sick)
Micro-Moment,Wall Crumbling,60 sec,"Episode 10, emotional breakthrough","Julia begins to let down her defenses, allowing Tom to see the real her beyond the doctor persona.",Sound of Julia's laughter - the first genuine one heard in the series,Humor as Emotional Release (The Big Sick)
Micro-Moment,Shared Silence,50 sec,"Episode 11, quiet moment","Tom and Julia sit together in comfortable silence, no longer needing words to connect.",Sound of synchronized breathing between the two characters,Strategic Silence as Narrative Device (Normal People)
Micro-Moment,New Beginning,80 sec,"Episode 12, closing scene","Tom and Julia agree to start over, this time intentionally, as Julia receives a text meant specifically for her.","Sound of a new, personalized text notification different from all previous ones",Music as Emotional Narrator (Begin Again)
Micro-Moment,Morning Motivation Beginnings,45 sec,"Episode 1, opening scene","Tom records his morning motivation message, establishing his warm, encouraging voice and routine.","Tom's calm, resonant voice with subtle coffee shop background sounds",Character Voice Diff (Silver Linings Playbook)
Micro-Moment,First Accidental Text,60 sec,"Episode 1, after Tom's introduction",Julia receives her first accidental text from Tom while in the middle of a chaotic ER shift.,"Contrast between ER chaos (monitors, pages, distant voices) and the sudden text notification sound",Emotional Sound Diss (Eternal Sunshine of the Spotless Mind)
Micro-Moment,ER Exhaustion,75 sec,"Episode 2, early scene","Julia finishes a 36-hour shift, showing her clinical detachment and deep depression through her monotonous routine.",The sound of Julia's footsteps echoing in an empty hospital hallway,Strategic Silence as Narrative (Normal People)
Micro-Moment,Lifeline Arrives,50 sec,"Episode 2, middle scene","Julia reads Tom's text while contemplating darkness, the message providing an unexpected anchor.",Text notification sound cutting through heavy silence,Music as Emotional Narrator (Begin Again)
Micro-Moment,Truth Withheld,90 sec,"Episode 3, midpoint","Julia composes a response to correct the mistake but deletes it, choosing to keep the connection.","Sound of keyboard typing, then deletion",Subtextual Vocal Modulation (Past Lives)
Micro-Moment,Actual Client,60 sec,"Episode 4, early scene","Tom meets with his actual client, highlighting the disconnect in their communication compared to his connection with Julia.",Contrast between Tom's enthusiastic voice and client's disinterested responses,Character Voice Diff (Silver Linings Playbook)
Micro-Moment,Breaking Point,85 sec,"Episode 5, climactic moment",Julia faces a traumatic ER loss and receives Tom's text at her lowest moment.,Sound of flatlining monitor transitioning to text notification,Emotional Sound Diss (Eternal Sunshine of the Spotless Mind)
Micro-Moment,Mistake Revealed,70 sec,"Episode 6, turning point","Tom discovers his client never received texts, realizing his messages went to a stranger.",Sound of Tom's phone dropping,Quick Character Establishment (Modern Love)
Micro-Moment,Digital Search,65 sec,"Episode 6, following scene","Tom works to track down the wrong number, showing his determination and growing curiosity.",Rhythmic keyboard typing with subtle electronic music undertones,Creative Process Documentation (Begin Again)
Micro-Moment,Worst Day,80 sec,"Episode 7, before Tom's arrival","Julia experiences a personal and professional crisis, culminating in her breaking down alone.",Sound of Julia's shaky breathing in an empty locker room,Subtle Vocal Shifts (Normal People)
Micro-Moment,First Real Contact,90 sec,"Episode 7, climactic meeting","Tom finds Julia in her vulnerable state, their first real meeting charged with unspoken history.","Sound of hospital doors opening, breaking the silence",Conversational Intimacy (Before Sunrise)
Micro-Moment,Lifeline Confession,85 sec,"Episode 8, emotional turning point","Julia reveals how Tom's texts saved her life multiple times, showing their profound impact.",Julia's voice cracking with emotion,Emotional Pausing Technique (Past Lives)
Micro-Moment,Understanding Connection,75 sec,"Episode 9, middle scene",Tom and Julia begin to understand the depth of their connection beyond the mistaken texts.,Sound of two coffee cups being placed on a table,Subtextual Vocal Modulation (Past Lives)
Micro-Moment,External Obstacle,70 sec,"Episode 10, conflict introduction",Julia faces professional consequences that threaten her connection with Tom.,Sound of hospital pager interrupting their conversation,Humor as Emotional Release (The Big Sick)
Micro-Moment,Intentional Connection,85 sec,"Episode 12, closing scene","Tom and Julia establish a new, intentional connection beyond the accidental texts.","Sound of a new text notification, now expected and welcomed",Music as Emotional Narrator (Begin Again)
Episode Beat,"Wrong Number, Right Timing",5 min,"Episode 1, early","Tom sends his first motivational text to Julia by mistake. Julia, in the depths of depression after a grueling ER shift, receives it and feels an unexpected moment of connection.","Split audio between Tom's cheerful morning routine and Julia's exhausted post-shift collapse, with t",Quick Character Establishment (Modern Love)
Episode Beat,"Morning Rituals, Night Shifts",6 min,"Episode 1, mid","Tom establishes his routine of crafting personalized motivational messages. Julia continues receiving them, beginning to find comfort in their unexpected appearance during her darkest hours.","Parallel narratives showing Tom's morning routine and Julia's night shifts, with text tones connecti",Character Voice Differentiation (Silver Linings Playbook)
Episode Beat,Silent Gratitude,4 min,"Episode 2, early","Julia considers responding to Tom's texts but decides against it, preserving the anonymous connection. She begins saving the messages, creating a digital lifeline she revisits during difficult moments","Inner monologue with ambient hospital sounds, punctuated by text notifications and Julia reading mes",Strategic Silence as Emotional Amplifier (Normal People)
Episode Beat,Crafting Perfect Words,5 min,"Episode 2, mid","Tom puts extra thought into his messages, noticing he hasn't received any feedback from his client. Unbeknownst to him, Julia is finding deeper meaning in his carefully crafted words.","Tom's voice recording message drafts, deleting and revising, with background sounds of his morning r",Creative Process Documentation (Begin Again)
Episode Beat,Breaking Point Saved,7 min,"Episode 3, mid","After a traumatic ER incident, Julia reaches a breaking point. As she contemplates giving up, Tom's timely message provides exactly the words she needs to keep going.","Chaotic ER sounds fading to silence as Julia breaks down, then a single text notification cutting th",Emotional Sound Dissociation (Eternal Sunshine of the Spotless Mind)
Episode Beat,Growing Suspicion,5 min,"Episode 4, early","Tom becomes concerned about his lack of communication from his client. He begins crafting more direct messages, hoping for a response, while Julia grows more attached to the anonymous support.","Tom's voice messages growing more concerned, contrasted with Julia's increasingly emotional reaction",Subtextual Vocal Modulation (Past Lives)
Episode Beat,Client Complaint Arrives,6 min,"Episode 5, early",Tom's actual client calls to complain about never receiving messages. Tom realizes with horror that he's been texting the wrong number for nearly a year.,"Phone call audio with clear distinction between Tom's voice and the client's, followed by silence as",Conversational Intimacy (Before Sunrise)
Episode Beat,Moral Dilemma Forms,5 min,"Episode 5, mid",Tom grapples with whether to continue texting Julia or stop completely. He debates the ethics of his accidental connection while worrying about the stranger who might have been relying on his messages,"Inner monologue with ambient sounds of Tom pacing, occasional text notifications creating tension.",Emotional Pausing Technique (Past Lives)
Episode Beat,Fear of Silence,4 min,"Episode 6, early","Julia notices the messages have stopped. As days pass without texts, her depression deepens, and she realizes how much she'd come to depend on the anonymous words of encouragement.","Silent waiting periods broken by Julia checking her phone, ambient hospital sounds growing more oppr",Strategic Silence as Emotional Amplifier (Normal People)
Episode Beat,Decision to Intervene,6 min,"Episode 6, mid","Tom, haunted by the thought that someone might have been depending on his messages, decides to track down the wrong number to apologize and explain, hoping he hasn't caused harm.","Tom's voice recording his decision, followed by sounds of him researching how to trace a number, wit",Music as Emotional Narrative (Begin Again)
Episode Beat,Tracking the Lifeline,5 min,"Episode 7, early",Tom follows digital clues to identify Julia as the recipient of his texts. He learns she's an ER doctor and becomes more concerned about the potential impact of his messages stopping.,"Sounds of computer work, phone calls, and research, with voice-over narration of Tom's thoughts and ",Efficient Emotional Building (Modern Love)
Episode Beat,Worst Day Unfolds,7 min,"Episode 7, mid","Julia experiences the worst day of her career at the ER, losing a patient and questioning her abilities. Without the anonymous texts that had become her lifeline, she finds herself spiraling.","Chaotic ER sounds, beeping monitors, urgent voices, fading to Julia's heavy breathing and silence as",Emotional Sound Dissociation (Eternal Sunshine of the Spotless Mind)
Episode Beat,Hospital Arrival,5 min,"Episode 7, late","Tom arrives at the hospital where Julia works, uncertain how to approach her. He observes her from a distance, noticing her exhaustion and pain, and realizes the impact his absence may have had.","Hospital ambient sounds, Tom's hesitant footsteps, his whispered observations as he watches Julia fr",Subtle Vocal Shifts (Normal People)
Episode Beat,First Real Contact,6 min,"Episode 8, early","Tom approaches Julia in the hospital cafeteria, introducing himself and explaining the text mix-up. Julia reacts with shock and vulnerability, her composure breaking as she realizes her lifeline has b","Hospital cafeteria ambient sounds, hesitant conversation, with clear distinction between Tom's cauti",Conversational Intimacy (Before Sunrise)
Episode Beat,Revelation of Impact,7 min,"Episode 8, mid","Julia reveals to Tom how his accidental texts saved her life multiple times, sharing her darkest moments and the specific messages that pulled her back from the edge. Tom is stunned by the impact of h","Quiet hospital room setting with minimal ambient noise, focusing entirely on the emotional dialogue ",Subtextual Vocal Modulation (Past Lives)
Episode Beat,Shared Silence Speaks,4 min,"Episode 9, early","Tom and Julia sit in comfortable silence, processing the weight of their shared revelation. In the quiet hospital chapel, they find a moment of peace and connection that words cannot express.","Minimal dialogue with focus on ambient sounds of a quiet hospital chapel, breathing, and subtle move",Strategic Silence as Emotional Amplifier (Normal People)
Episode Beat,Professional Ethics Collide,6 min,"Episode 9, mid","Julia questions the ethics of continuing their connection, concerned about boundaries and her professional responsibilities. Tom grapples with his role as both accidental savior and potential coach.","Tense dialogue with overlapping speech patterns, background hospital sounds returning to create pres",Humor as Emotional Release (The Big Sick)
Episode Beat,Decision to Continue,5 min,"Episode 10, early","Tom and Julia agree to continue their connection, establishing new boundaries and expectations. They acknowledge the unique foundation of their relationship and decide to explore where it might lead.","Thoughtful conversation with natural pauses and interruptions, background sounds transitioning from ",Emotional Balance Modulation (Silver Linings Playbook)
Episode Beat,First Intentional Message,6 min,"Episode 11, early","Tom sends Julia his first intentional motivational text, now knowing exactly who will receive it. Julia reads it with new awareness, appreciating the words in a different but equally meaningful way.","Split audio between Tom composing and sending the message, and Julia receiving and reading it, with ",Non-linear Memory Triggers (Eternal Sunshine of the Spotless Mind)
Episode Beat,New Beginning Forms,7 min,"Episode 12, late","Tom and Julia meet again, this time with intention and hope. They acknowledge the unique path that brought them together and look toward a future where their connection continues to grow beyond the mi","Peaceful outdoor setting with ambient nature sounds, natural conversation with comfortable pauses an",Music as Emotional Narrative (Begin Again)
Season Arc,"Wrong Number, Right Moment",Episodes 1-2,Episodes 1-2,"Tom discovers his texts have been going to the wrong person for a year. He tracks down Julia to apologize, finding her in crisis. Their initial meeting is charged with emotion as Julia reveals how his","Text message notification sounds, hospital ambiance, piano motif for lonely moments",Conversational Intim (Before Sunrise)
Season Arc,Code Blue in the Heart,Episodes 2-4,Episodes 2-4,"As Julia faces increasing challenges at the hospital, Tom's texts shift from general motivation to specifically addressing her medical world. Julia begins to open up about the emotional toll of her jo","Hospital monitor beeps, pager sounds, increasingly anxious breathing",Subtle Emotional Pac (Before Sunrise)
Season Arc,Coach Without a Playbook,Episodes 3-5,Episodes 3-5,"Tom begins to question his professional approach as his connection with Julia deepens. He reevaluates his coaching methods and personal motivations, realizing his own life has become formulaic. This c","Keyboard typing sounds, motivational workshop background noise, increasingly authentic voice tones",Creative Process Doc (Begin Again)
Season Arc,Beyond the Text Messages,Episodes 4-6,Episodes 4-6,"Tom and Julia begin communicating beyond texts, having phone calls and eventually meeting in person. These deeper conversations reveal their histories, fears, and dreams. They must navigate the growin","Phone line effects, coffee shop ambiance, increasingly shared musical motifs",Emotional Pausing Te (Past Lives)
Season Arc,Breaking Point,Episodes 6-8,Episodes 6-8,Julia faces a devastating professional failure that sends her into a deep depressive episode. Tom's attempts to help are initially rejected as Julia pushes everyone away. This crisis forces them both ,"Emergency room chaos, distorted sound effects during depressive episodes, increasingly urgent music",Emotional Sound Diss (Eternal Sunshine of the Spotless Mind)
Season Arc,Ethics of the Lifeline,Episodes 7-9,Episodes 7-9,Tom faces professional consequences when his actual client reveals he never received coaching. Tom must defend his actions while maintaining his integrity. Julia struggles with whether to reveal the i,"Office meeting sounds, formal hearing atmosphere, shifting vocal tones between professional and pers",Subtextual Vocal Mod (Past Lives)
Season Arc,Scars That Never Healed,Episodes 8-10,Episodes 8-10,"As their relationship deepens, Julia finally shares the traumatic event that triggered her depression. This revelation helps Tom understand her more deeply and adapt his support. Julia begins to proce","Nightmare sound effects, fragmented memories through audio filtering, increasingly clear audio as he",Non-linear Memory Tr (Eternal Sunshine of the Spotless Mind)
Season Arc,From Coach to Confidant,Episodes 9-11,Episodes 9-11,"As their connection evolves beyond the coach-client dynamic, Tom and Julia must redefine their relationship. They struggle with changing roles and expectations, eventually finding a new balance that h","Shifting musical themes, changing sound environments, vocal signature evolution",Character Voice Diff (Silver Linings Playbook)
Season Arc,When Help Hurts,Episodes 10-12,Episodes 10-12,A colleague of Julia's questions her professional judgment due to her relationship with Tom. This external challenge forces Julia to defend her mental health journey and Tom's role in it. Together the,"Hospital politics sounds, gossip murmurs, increasingly confident vocal tones",Humor as Emotional R (The Big Sick)
Season Arc,The Right Connection,Episodes 11-12,Episodes 11-12,"In the final arc, Tom and Julia reflect on their journey and the impact of their accidental connection. They make decisions about their future, both individually and together. The story concludes with","Motifs from earlier episodes transformed into new arrangements, hopeful sound design, balanced vocal",Music as Emotional N (Begin Again)
Series-Defining,The Wrong Number That Saved,4 minutes,"Episode 1, opening scene","After an exhausting 36-hour shift treating trauma patients, Dr. Julia returns to her empty apartment. She sits in darkness contemplating pills when her phone buzzes with an unknown message: 'Remember:","The sound of a hospital fades into silence, then a single phone notification cuts through the darkne",Quick Character Establishment (Modern Love)
Series-Defining,Six Months of Unspoken Connection,6 minutes,"Episode 5, middle","Julia receives Tom's daily message while in the hospital break room after losing a patient. Instead of just reading it, this time she types a response but deletes it. We hear her internal monologue de",The beeping of hospital monitors gradually fades into the distinct notification sound of Tom's text ,Subtextual Vocal Modulation (Past Lives)
Series-Defining,The Mistake Uncovered,5 minutes,"Episode 8, beginning","Tom sits in his office when his actual client calls, complaining about never receiving texts and threatening to quit. Tom frantically checks his system, discovering the number error. We hear him scrol","The professional background noise of Tom's office gradually disappears as he discovers the mistake, ",Subtle Vocal Shifts (Normal People)
Series-Defining,Lifeline Meets Desperation,8 minutes,"Episode 10, climax","Tom tracks down Julia at the hospital after a particularly traumatic day where she lost multiple patients. He finds her crying in an empty stairwell, clutching her phone. When he approaches, she assum","The cold, echoing acoustics of the hospital stairwell contrast with the intimate, raw vocal performa",Conversational Intimacy (Before Sunrise)
Series-Defining,From Lifeline to Partnership,7 minutes,"Episode 12, conclusion","In a quiet café, Julia reveals to Tom that she's been his anonymous benefactor for months, funding his business to help others. She explains how his messages saved her life and she wanted to ensure he","The warm, intimate acoustics of the café contrast with earlier sterile environments. The familiar te",Music as Emotional Narrative (Begin Again)
