Category,Title,Duration/Span,Placement,Core Idea,Audio Element,Inspired By
Episode Beat,The Unexpected Visitor,4 min,"Episode 1, early",Sarah receives a mysterious letter that hints at a long-lost family secret.,"Sarah's narration as she reads the letter, with subtle background music building tension.",Emotional Layering
Episode Beat,A New Beginning,5 min,"Episode 1, mid","Sarah decides to investigate the letter, despite her initial hesitation.","Sarah's internal monologue, reflecting on her past and the potential implications of the letter.",Character-Driven Storytelling
Episode Beat,The Family Gathering,6 min,"Episode 2, early","Sarah reunites with her estranged brother, Mark, at a family dinner.","Dialogue between Sarah and Mark, with ambient sounds of a dining room and family chatter in the back",Layered Emotional Soundscapes
Episode Beat,The Hidden Diary,7 min,"Episode 2, late","Sarah finds an old diary hidden in her attic, containing her mother's personal thoughts.","Sarah's narration as she reads the diary entries, with background sounds of old pages turning.",Immersive Soundscapes
Episode Beat,The First Clue,5 min,"Episode 3, mid",Sarah and Mark uncover a clue in the diary that points to a hidden family treasure.,"Excited dialogue between Sarah and Mark as they discuss the clue, with background sounds of a search",Dynamic Pacing
Episode Beat,The Unexpected Ally,4 min,"Episode 4, early","Sarah meets a local historian, Emma, who offers to help her with her investigation.","Friendly conversation between Sarah and Emma, with ambient sounds of a quiet café in the background.",Character-Driven Narration
Episode Beat,The Family Secret,6 min,"Episode 4, late",Sarah and Emma uncover a shocking family secret that has been hidden for generations.,"Intense dialogue and narration, with background sounds of a stormy night reflecting the tension.",Emotional Crescendo
Episode Beat,The Confrontation,5 min,"Episode 5, mid","Sarah confronts her uncle about the family secret, leading to a heated argument.","Tense dialogue between Sarah and her uncle, with ambient sounds of a stormy night in the background.",Emotional Arcs
Episode Beat,The Lost Photograph,4 min,"Episode 6, early",Sarah finds an old photograph that provides a crucial clue to the family treasure.,"Sarah's narration as she examines the photograph, with ambient sounds of a quiet room.",Immersive Soundscapes
Episode Beat,The Betrayal,6 min,"Episode 6, late",Sarah discovers that Emma has been keeping secrets from her and may be working against her.,"Confrontational dialogue between Sarah and Emma, with ambient sounds of a tense environment.",Emotional Arcs
Episode Beat,The Final Clue,5 min,"Episode 7, mid",Sarah finds the final clue that leads her to the location of the family treasure.,"Excited narration as Sarah pieces together the final clue, with ambient sounds of a search.",Dynamic Pacing
Episode Beat,The Treasure Hunt,6 min,"Episode 8, early","Sarah and Mark finally find the hidden family treasure, bringing closure to their journey.","Excited dialogue and narration, with ambient sounds of the treasure location.",Emotional Crescendo
Episode Beat,The Unexpected Twist,4 min,"Episode 8, mid","The treasure is not what they expected, leading to a new mystery.","Surprised dialogue and narration, with ambient sounds of the treasure location.",Emotional Arcs
Episode Beat,The Family Reunion,5 min,"Episode 9, early","Sarah and Mark share their discovery with the rest of the family, leading to a moment of reconciliation.","Warm dialogue and narration, with ambient sounds of a family gathering.",Layered Emotional Soundscapes
Episode Beat,The Final Revelation,6 min,"Episode 9, late","Sarah uncovers the true meaning behind the family treasure, bringing closure to the family's history.","Reflective narration, with ambient sounds of a quiet, serene environment.",Emotional Arc Layering
Episode Beat,The New Journey,5 min,"Episode 10, mid",Sarah decides to continue her family's legacy by embarking on a new journey.,"Determined dialogue and narration, with ambient sounds of preparation.",Character-Driven Storytelling
Episode Beat,The Unexpected Visitor Returns,4 min,"Episode 11, early","The mysterious visitor from the beginning returns, bringing new information.","Surprised dialogue and narration, with ambient sounds of a tense environment.",Emotional Arcs
Episode Beat,The Final Confrontation,6 min,"Episode 11, late","Sarah confronts the visitor about their true intentions, leading to a dramatic revelation.","Tense dialogue and narration, with ambient sounds of a stormy night.",Emotional Crescendo
Episode Beat,The Legacy Continues,5 min,"Episode 12, mid",Sarah and the family come together to honor their ancestors and continue their legacy.,"Warm dialogue and narration, with ambient sounds of a celebratory gathering.",Layered Emotional Soundscapes
Episode Beat,The New Beginning,4 min,"Episode 12, late","Sarah makes a final decision about her future, embracing the lessons she has learned.","Reflective narration, with ambient sounds of a serene environment.",Emotional Arc Layering
Season Arc,Whispers of the Past,Episodes 1-4,Episodes 1-4,"A young woman, haunted by a traumatic event from her childhood, begins to unravel the truth about her past with the help of a supportive friend, leading to a profound transformation.","Recurring ambient sounds of a childhood home, including distant laughter and the sound of an old rad",Character Voice Consistency (from Eat Pray Love)
Season Arc,Bridges and Breaks,Episodes 2-6,Episodes 2-6,"Two estranged siblings, brought together by a family crisis, must navigate their complex relationship and the secrets that drove them apart, leading to a tentative reconciliation.","Recurring sound of a family photo album being flipped through, symbolizing shared memories.",Layered Emotional Soundscapes (from This Is Us)
Season Arc,The Unseen Connection,Episodes 3-7,Episodes 3-7,"A journalist investigates a series of mysterious events in her small town, uncovering a web of secrets and lies that threaten to upend the community's stability.","Recurring sounds of a typewriter and the rustling of papers, symbolizing the investigative process.",Dynamic Pacing (from The Moth)
Season Arc,Echoes of Love,Episodes 4-8,Episodes 4-8,"A couple, struggling to keep their relationship alive, embarks on a journey to rediscover the love and passion that once defined them.","Recurring sounds of a car engine and the wind, symbolizing their journey.",Character-Driven Storytelling (from This Is Us)
Season Arc,The Weight of Secrets,Episodes 5-9,Episodes 5-9,"A successful businesswoman, burdened by a dark secret, must confront her past to find true peace and authenticity.","Recurring sounds of a ticking clock, symbolizing the pressure of time and the weight of secrets.",Emotional Crescendo (from The Sound of Music)
Season Arc,A Second Chance,Episodes 6-10,Episodes 6-10,"A former addict, given a second chance at life, must navigate the challenges of recovery and rebuild his relationships with his family.","Recurring sounds of a metronome, symbolizing the steady pace of recovery.",Character Voice Consistency (from The Crown)
Season Arc,The Heart of the Matter,Episodes 7-11,Episodes 7-11,"A couple, facing the end of their relationship, must decide whether to fight for their love or let it go, leading to a profound realization about the true nature of their bond.","Recurring sounds of a heartbeat, symbolizing the emotional core of their relationship.",Layered Soundscapes (from The Sound of Music)
Season Arc,The Unseen Hero,Episodes 8-12,Episodes 8-12,"A quiet, unassuming man discovers his inner strength and courage when he is called upon to protect his community from a threat.","Recurring sounds of a whistle, symbolizing the call to action and vigilance.",Emotional Arcs (from The Crown)
Season Arc,The Path of Redemption,Episodes 5-9,Episodes 5-9,"A former convict, struggling to reintegrate into society, must overcome his past and find a way to contribute positively to his community.","Recurring sounds of a key turning in a lock, symbolizing the unlocking of new opportunities and the ",Character-Driven Narration (from The Moth)
Season Arc,The Legacy of Love,Episodes 6-10,Episodes 6-10,"A woman, inheriting a mysterious letter from her late grandmother, embarks on a journey to uncover the secrets of her family's past and the hidden legacy of love and sacrifice.","Recurring sounds of an old typewriter and the rustling of old papers, symbolizing the uncovering of ",Layered Narration (from The Alchemist)
Series-Defining,The Mistaken Message,3-4 minutes,"Episode 1, Tom discovers the mistake","Tom, a struggling entrepreneur, receives a series of encouraging text messages from an unknown number. He is initially puzzled but finds solace in the messages. One day, he realizes the messages are m","A mix of soft, hopeful background music and the sound of a phone notification, gradually building te",Engaging Intro Hooks (from The Happiness Lab)
Series-Defining,Julia's Secret Support,4-5 minutes,"Episode 5, Tom's business is on the brink","Tom's business is on the verge of collapse when he receives an anonymous financial donation. He is baffled but grateful. Later, he learns from a mutual friend that the donation came from Julia, the ER","A blend of soft, uplifting music and the sound of a bank notification, followed by a heartwarming re",Emotional Arc Layering (from Eat Pray Love)
Series-Defining,The ER Night Shift,6-7 minutes,"Episode 7, a particularly stressful shift","Julia is working a grueling night shift in the ER when a critical patient arrives. Despite the chaos, she finds a moment of calm and strength, recalling Tom's messages and the support she has given hi","A mix of tense hospital sounds, the beeping of medical equipment, and a soft, melodic piano in the b",Immersive Soundscapes (from Eat Pray Love)
Series-Defining,The Confessional Call,5-6 minutes,"Episode 9, Tom and Julia finally talk","After months of text messages, Tom and Julia finally decide to call each other. The conversation is tense at first, with both feeling vulnerable. They share their stories and the impact the messages h","A blend of soft, ambient music and the sound of a phone ringing, with a gradual build-up to a warm, ",Character-Driven Narration (from The Moth)
Series-Defining,The Final Revelation,5-6 minutes,"Episode 12, the series finale","Tom and Julia meet in person for the first time. They share their final reflections on the journey they've been on, the impact of the messages, and the future they see for themselves. The scene is fil","A mix of warm, uplifting music and the sounds of a quiet, meaningful meeting place, such as a park o",Emotional Crescendo (from The Sound of Music)
