Category,Title,Duration/Span,Placement,Core Idea,Audio Element,Inspired By
Micro-Moment,First Accidental Message,45 sec,N/A,"Julia receives her first accidental text from Tom during a chaotic ER shift. The unexpected words of encouragement cut through her stress, creating a moment of unexpected calm.",N/A,N/A
Micro-Moment,Morning Ritual,60 sec,N/A,Julia's morning routine now includes waiting for Tom's daily inspirational text. Her inner monologue reveals how these brief messages have become her anchor in turbulent times.,N/A,N/A
Micro-Moment,ER Chaos,75 sec,N/A,"Amid the cacophony of emergency room sounds, Julia's mind spirals during a critical situation. Tom's words from that morning echo in her thoughts, helping her focus and save a patient.",N/A,N/A
Micro-Moment,Tom's Process,50 sec,N/A,"Tom crafts his morning motivational message, unaware of its true recipient. His thoughtful process reveals his dedication to helping others, even strangers.",N/A,N/A
Micro-Moment,Breaking Point,80 sec,N/A,"After an emotionally devastating shift, Julia sits in her car on the verge of tears. Her phone buzzes with Tom's message, providing exactly the words she needs to hear.",N/A,N/A
Micro-Moment,Digital Discovery,65 sec,N/A,"Julia discovers Tom's identity through his website, learning he's a well-known motivation coach. The revelation creates a moral dilemma about revealing the year-long mistake.",N/A,N/A
Micro-Moment,Motivation's Origin,55 sec,N/A,Tom reflects on his past struggles that led him to become a motivation coach. His personal story reveals the authentic passion behind his daily messages.,N/A,N/A
Micro-Moment,Confession Withheld,70 sec,N/A,"Julia's close friend notices her improved mood and asks what's changed. Julia almost confesses about the mysterious texter but stops short, protecting her secret lifeline.",N/A,N/A
Micro-Moment,Life in Balance,85 sec,N/A,"During a critical emergency, Julia's hands work autonomously while Tom's wisdom guides her thoughts. The successful outcome marks a turning point in her confidence.",N/A,N/A
Micro-Moment,Almost Revealed,40 sec,N/A,"Julia types a response to correct the number mistake, her finger hovering over send. The fear of losing this connection makes her delete the message instead.",N/A,N/A
Micro-Moment,Coach's Struggle,60 sec,N/A,"Tom faces his own professional setback, revealing that even motivation coaches have difficult days. His vulnerability shows the authenticity behind his encouraging words.",N/A,N/A
Micro-Moment,Internalizing Wisdom,50 sec,N/A,"Julia finds herself quoting Tom's advice to a struggling colleague, realizing how deeply his words have become part of her own voice and perspective.",N/A,N/A
Micro-Moment,Decision Made,75 sec,N/A,"After a particularly meaningful message from Tom, Julia decides she can no longer remain silent. She resolves to finally respond, acknowledging both the mistake and her gratitude.",N/A,N/A
Micro-Moment,Near Miss,65 sec,N/A,"Tom gives a wellness talk at the hospital where Julia works, their paths unknowingly crossing. Julia hears his familiar voice in the cafeteria, creating a moment of dramatic irony.",N/A,N/A
Micro-Moment,First Real Connection,90 sec,N/A,"Julia finally sends a response to Tom, explaining the year-long mistake and expressing her gratitude. The wait for his reply begins as their story potentially transforms.",N/A,N/A
Micro-Moment,First Accidental Message,45 sec,N/A,"Julia receives her first accidental text from Tom while on a break during a chaotic ER shift. The unexpected message cuts through her exhaustion, prompting a reflective inner monologue about the stran",N/A,N/A
Micro-Moment,Morning Ritual,60 sec,N/A,"Tom records his daily motivational messages with practiced enthusiasm, unaware they're reaching the wrong person. His distinct character voice reveals his genuine passion for helping others, contrasti",N/A,N/A
Micro-Moment,Chaos and Calm,75 sec,N/A,"During a traumatic ER case, sensory sound layering contrasts hospital chaos with the sudden memory of one of Tom's messages echoing in Julia's mind. The audio shifts between overwhelming emergency sou",N/A,N/A
Micro-Moment,Unanswered Questions,50 sec,N/A,"Tom's inner monologue reveals his growing concern that his client never responds to his carefully crafted messages. He questions his coaching effectiveness while continuing his daily ritual, his voice",N/A,N/A
Micro-Moment,Truth or Comfort,65 sec,N/A,Julia debates whether to correct Tom's mistake while staring at her phone. Reality-imagination audio techniques contrast the imagined awkward conversation of correction with the comforting continuatio,N/A,N/A
Micro-Moment,Dark Day Light,80 sec,N/A,"After an especially traumatic shift, Julia sits in her car unable to move until Tom's daily message arrives. Emotional soundscaping enhances the moment as his words become the anchor that finally allo",N/A,N/A
Micro-Moment,Evolving Wisdom,55 sec,N/A,"Tom experiments with a new approach to his messages, his evolving character voice reflecting his own personal growth. The subtle changes in his tone and delivery show his development as both a coach a",N/A,N/A
Micro-Moment,Growing Dependence,70 sec,N/A,"Through evolving repetition, we hear how Julia's reaction to similar messages changes over months. Her initial indifference transforms into desperate anticipation, revealed through her voice and breat",N/A,N/A
Micro-Moment,Internal Guidance,65 sec,N/A,"During a critical medical procedure, Julia hears Tom's voice in her mind as if he's coaching her through. The dialogue-driven story beat shows his words becoming her internal compass during moments of",N/A,N/A
Micro-Moment,Coach's Reflection,60 sec,N/A,"Tom reflects on his purpose as a coach, humor-depth balancing his professional confidence with personal vulnerability. His monologue reveals the irony that he helps others while struggling with his ow",N/A,N/A
Micro-Moment,Message Collection,50 sec,N/A,"Julia scrolls through her saved messages from Tom during a sleepless night. Non-linear time jumps blend past messages with present thoughts, creating an audio collage of the accidental relationship th",N/A,N/A
Micro-Moment,Realization Dawns,75 sec,N/A,Tom discovers a typo in his client's contact information and realizes he's been messaging a stranger. Complex concept simplicity conveys his shock and ethical dilemma through deliberate pacing and cle,N/A,N/A
Micro-Moment,Decision to Meet,80 sec,N/A,"After nearly a year of messages, Julia decides she must meet the voice that has become her lifeline. Emotional transition audio tracks her journey from fear to determination as she plans to finally re",N/A,N/A
Micro-Moment,Anticipating Connection,55 sec,N/A,"Tom prepares for what he thinks is his first meeting with his actual client, character voice differentiation revealing his mixture of excitement and nervousness. Little does he know the woman he's bee",N/A,N/A
Micro-Moment,Fateful Encounter,90 sec,N/A,"Julia and Tom finally meet in a coffee shop, transformative vocal changes highlighting their shock, recognition, and gradually building connection. The accidental lifeline becomes intentional as their",N/A,N/A
Episode Beat,Morning Motivation Mistake,5 min,"Episode 1, early","Tom sends his first motivational text of the day, unaware it's going to the wrong number. Julia, exhausted after a night shift, receives the message and feels an unexpected spark of hope.","Dual monologues with distinct voice signatures, transitioning between Tom's bright morning energy an",Distinct Character V
Episode Beat,ER Chaos and Calm,6 min,"Episode 1, mid","Julia faces a traumatic emergency room situation. Amid the chaos, she receives another message from Tom that provides unexpected comfort, creating a moment of internal calm.","Layered hospital sounds gradually fading as Julia focuses on the message, with reflective inner mono",Sensory Sound Layering
Episode Beat,Unknowing Inspiration,4 min,"Episode 1, late","Tom reflects on his coaching practice and the impact he hopes to have, completely unaware that Julia has started saving his messages. Julia reads through the growing collection of texts, finding stren","Parallel scenes with distinct audio signatures, transitioning between Tom's optimistic monologue and",Reflective Inner Mon
Episode Beat,Message Dependency,7 min,"Episode 2, early","Julia realizes she's become dependent on Tom's daily messages, checking her phone anxiously each morning. Tom unknowingly crafts a message that perfectly addresses her current struggles.","Inner monologue revealing Julia's growing attachment, with time passing indicated by subtle audio tr",Inner Monologue Voic
Episode Beat,Coach's Philosophy,5 min,"Episode 2, mid","Tom records a podcast episode explaining his coaching philosophy and the personal story behind his motivation practice. Julia listens while commuting, feeling an uncanny connection to his words.","Podcast-style monologue with Julia's reactions overlaid as she listens, creating a dialogue between ",Dialogue-Driven Stor
Episode Beat,Almost Response,4 min,"Episode 2, late","After receiving a particularly moving message, Julia composes a response but deletes it at the last second, afraid to break the mysterious connection that has become her lifeline.","Inner monologue with typing sounds and message notification alerts, building tension as Julia debate",Reality-Imagination
Episode Beat,Crisis of Confidence,6 min,"Episode 3, early","Tom faces a professional setback and questions the effectiveness of his coaching. His message that day reflects his own doubts, which ironically provides Julia with exactly what she needs to hear.","Tom's emotional monologue transitioning to him composing his message, then shifting to Julia receivi",Transformative Vocal
Episode Beat,Hospital Emergency,7 min,"Episode 3, mid","Julia faces a life-or-death situation at the hospital where her skills and confidence are pushed to the limit. Between critical moments, she finds strength by recalling Tom's previous messages.","Intense hospital sounds punctuated by moments of quiet as Julia recalls messages, with reflective in",Emotional Transition
Episode Beat,Growing Collection,5 min,"Episode 3, late","Julia creates a special folder for Tom's messages, realizing she has nearly a year's worth of inspirational texts. She scrolls through them, noticing how his words have evolved alongside her journey.","Julia's inner monologue as she reviews messages, with selected texts read aloud in Tom's voice, show",Evolving Character V
Episode Beat,Personal Connection,6 min,"Episode 4, early","Tom begins sharing more personal stories in his messages, drawing from his own life challenges. Julia feels an increasingly deep connection to this stranger who seems to understand her struggles.","Tom composing a particularly personal message, transitioning to Julia receiving it and feeling its i",Emotional Soundscapi
Episode Beat,Breaking Point,7 min,"Episode 4, mid","Julia experiences a personal and professional crisis that pushes her to her limits. She desperately waits for Tom's daily message, which arrives at the perfect moment with words that feel personally c","Intense emotional soundscape reflecting Julia's turmoil, gradually calming as the message arrives, w",Sensory Sound Layering
Episode Beat,Truth Considered,5 min,"Episode 4, late","After receiving a message that feels too coincidental, Julia debates finally telling Tom the truth. She imagines different scenarios of revealing the mistake and its potential consequences.","Julia's inner monologue as she debates her options, with imagined dialogues playing out with differe",Reality-Imagination
Episode Beat,The Mistake Revealed,6 min,"Episode 5, early",Tom mentions in his message that he's updating his contact list and asks if the recipient still wants to receive daily motivation. Julia accidentally replies 'Yes' instead of ignoring it as usual.,"Tom's message followed by Julia's surprise reaction and the accidental reply, then Tom's confusion u",Humor-Depth Balance
Episode Beat,Realization Dawns,7 min,"Episode 5, mid",Tom investigates the mysterious response and discovers he's been texting the wrong number for a year. He experiences a mix of embarrassment and curiosity about the person who never corrected him.,"Tom's inner monologue as he pieces together the mistake, with audio cues representing his digital in",Complex Concept Simp
Episode Beat,First Real Contact,6 min,"Episode 5, late","Tom sends a tentative message acknowledging the mistake. Julia receives it with a mix of shame and relief, leading to their first intentional, honest exchange after a year of one-way communication.","Alternating perspectives as they exchange messages, with inner monologues revealing their thoughts a",Dialogue-Driven Stor
Episode Beat,Why She Stayed Silent,7 min,"Episode 6, early","In their first phone conversation, Julia explains to Tom why she never corrected the mistake, describing how his messages became her lifeline during her darkest times as an ER doctor.","Phone conversation format with Julia's emotional confession and Tom's quiet reactions, interspersed ",Inner Monologue Voic
Episode Beat,Unexpected Impact,6 min,"Episode 6, mid",Tom reflects on how his accidental connection with Julia has changed his perspective on his coaching and the unexpected ways his words have impacted someone's life in ways he never intended.,"Tom's reflective monologue as he processes the revelation, with flashbacks to moments when he crafte",Reflective Inner Mon
Episode Beat,New Beginning,5 min,"Episode 6, mid-late","Tom and Julia agree to continue their communication intentionally, with Tom offering to provide genuine support as Julia navigates her challenging career, creating a new foundation for their relations","Dialogue-driven scene with their conversation transitioning from tentative to hopeful, with backgrou",Emotional Transition
Episode Beat,Lifeline Reflected,6 min,"Episode 6, late","Julia faces a difficult shift at the hospital, but this time with the knowledge that Tom's support is intentional. She finds strength in their new connection, reflecting on how the accidental lifeline","Hospital sounds with Julia's inner monologue showing her changed perspective, interspersed with brie",Evolving Repetition
Episode Beat,Message Received,5 min,"Episode 6, late","Tom sends his first intentionally crafted message to Julia, who receives it during a quiet moment after her shift. The scene closes with both characters feeling the profound impact of their accidental","Parallel scenes showing Tom composing the message and Julia receiving it, with their inner monologue",Anthology Story Stru
Season Arc,"Wrong Number, Right Words",Episodes 1-2,Episodes 1-2,"Julia discovers she's been receiving motivational texts meant for someone else, but finds herself deeply moved by the daily messages. As she continues to receive them without correction, a unique emot","The sound of text message notifications becomes a recurring motif, with the tone shifting from neutr",Emotional Soundscaping (Modern Love)
Season Arc,Silent Lifeline,Episodes 2-3,Episodes 2-3,Julia finds herself increasingly dependent on Tom's daily messages as her work at the ER becomes more challenging. She begins to incorporate his motivational wisdom into her daily life and medical pra,"Hospital sounds gradually become less overwhelming as Julia finds inner calm, contrasted with the cl",Inner Monologue Voice (The Pursuit of Happyness)
Season Arc,Motivator's Own Journey,Episodes 2-3,Episodes 2-3,"While Julia grows dependent on his messages, Tom faces his own professional and personal challenges. We learn about his dedication to helping others through motivational coaching, while hinting at his","The sound of Tom typing messages, recording motivational content, and the ambient sounds of his work",Evolving Character Voice (The Pursuit of Happyness)
Season Arc,Close Call,Episodes 3-4,Episodes 3-4,"A technical glitch or administrative error nearly reveals the truth about the mistaken number to Tom. Julia panics as she faces the potential loss of her silent lifeline, forcing her to confront just ","Digital notification sounds become more jarring and anxiety-inducing, contrasted with the calming ef",Emotional Transition (Chef)
Season Arc,Words in Action,Episodes 3-4,Episodes 3-4,"During a critical medical emergency at the hospital, Julia finds herself drawing directly on Tom's motivational words to guide her actions and decisions. Her successful handling of the crisis leads he","Medical emergency sounds contrast with moments of calm where Tom's words echo in Julia's mind, repre",Reality-Imagination Distinction (The Secret Life of Walter Mitty)
Season Arc,Almost Revealed,Episodes 4-5,Episodes 4-5,"Julia comes dangerously close to revealing the truth to Tom during a moment of emotional vulnerability. As she crafts a message that would expose everything, she finds herself caught between her desir","The sound of typing and deleting becomes a motif, representing Julia's internal struggle between rev",Reflective Inner Monologue (About Time)
Season Arc,Changing Patterns,Episodes 4-5,Episodes 4-5,"As Tom begins to evolve his coaching style and message content based on his own growth and experiences, Julia notices the subtle shifts and finds herself responding in unexpected ways. Both characters","The text notification sound evolves subtly, and the background music during message readings shifts ",Evolving Repetition (Groundhog Day)
Season Arc,External Storms,Episodes 5-6,Episodes 5-6,"A major crisis at the hospital and a professional challenge for Tom test both characters simultaneously. As they navigate their separate storms, the daily messages become even more crucial, creating a","Storm and chaos sounds in both their environments, contrasted with the clear, calm sound of the text",Sensory Sound Layering (Chef)
Season Arc,Truth or Consequences,Episodes 5-6,Episodes 5-6,"Julia reaches a breaking point where she must decide whether to continue the deception or reveal the truth. As she weighs the potential outcomes, she reflects on how these messages have changed her an","Internal monologue sounds become more prominent, with the text notification sound taking on new sign",Complex Concept Simplicity (The Good Place)
Season Arc,Beyond the Messages,Episode 6,Episode 6,"Whether Julia chooses to reveal the truth or not, both characters reach a new understanding of themselves and their connection. This arc sets up the future evolution of their relationship beyond the d","The text notification sound either transforms or takes on new meaning, symbolizing the evolution of ",Distinct Character Voices (Ted Lasso)
Series-Defining,"Wrong Number, Right Message",5-7 minutes,"Episode 1, opening scene","Julia is in the middle of a chaotic ER shift when a text message notification cuts through the noise. She reads Tom's inspirational message, and we hear her inner monologue as she explains how these d","The contrast between the chaotic ER sounds (beeping machines, urgent voices) and the sudden silence ",Inner Monologue Voice (The Pursuit of Happyness)
Series-Defining,Lifesaving Words,8-10 minutes,"Episode 2, during a critical scene","Julia faces a devastating day where she loses a patient and questions her abilities. As she sits alone in the hospital chapel, overwhelmed with despair, Tom's daily message arrives: 'Sometimes our gre","The echo of the chapel, the soft glow of Julia's phone notification, and the gentle swell of music w",Emotional Soundscaping (Modern Love)
Series-Defining,The Error Revealed,7-9 minutes,"Episode 3, midpoint","Tom is updating his contact list when he realizes he's been texting the wrong number for over a year. He's horrified to think his messages might have been bothering someone, but when he reviews the me","The sound of typing on a keyboard, the sudden pause when Tom realizes his error, and the shift in hi",Character Voice Differentiation (Ted Lasso)
Series-Defining,Faces Behind Messages,10-12 minutes,"Episode 4, climactic scene","Tom has tracked Julia down at the hospital and waits for her after her shift. When he approaches her, he references one of his recent messages, and Julia instantly recognizes him. The emotional confro","The ambient hospital sounds fading as they focus on each other, their voices becoming clearer and mo",Dialogue-Driven Storytelling (Ted Lasso)
Series-Defining,Full Circle Moment,8-10 minutes,"Episode 6, concluding scene","Tom is sharing his story at a coaching conference, explaining how his mistake led him to Julia and changed his approach to motivation. After his talk, a colleague mentions how Tom's business has grown","The ambient sounds of the conference, the shift in Tom's voice as he shares his story, and the subtl",Evolving Character Voice (The Pursuit of Happyness)
