{
  "working_title": "The Accidental Lifeline",
  "original_seed": "N/A",
  "seed_type": "one-liner",
  "scale_type": "MINI",
  "episode_count": "3-6 episodes",
  "episode_length": "15-25 min each",
  "primary_genre": "Drama",
  "target_age_range": "25-45",
  "content_rating": "PG",
  "age_guidelines": {
    "target_age_range": "25-45",
    "content_rating": "PG (The content is suitable for a general audience with some mild thematic elements and emotional content that may be intense but not distressing.)",
    "action_scene_limits": [
      "Action scenes should not exceed 5 minutes in duration to maintain a balanced emotional and reflective tone.",
      "Avoid detailed descriptions of violent or harmful actions; focus on the emotional and psychological impact.",
      "Ensure that action scenes are resolved without graphic or explicit content."
    ],
    "emotional_boundaries": [
      "Avoid prolonged scenes of despair or deep sadness; balance these with moments of hope and resilience to maintain a hopeful overall tone (to prevent overwhelming the listener).",
      "Limit the depiction of extreme emotional turmoil or trauma to ensure the content remains accessible and not overly distressing (to cater to a wide range of sensitivities within the age range).",
      "Ensure that any discussions of personal challenges or difficulties are presented in a way that highlights growth, support, and eventual resolution (to reinforce the audiobook's positive message)."
    ],
    "language_guidelines": {
      "vocabulary_level": "Use a vocabulary that is sophisticated enough to engage an adult audience but remains accessible to those in the 25-45 age range, avoiding overly technical or academic terms.",
      "forbidden_topics": "Avoid explicit sexual content, graphic violence, and detailed descriptions of illegal activities.",
      "complexity_cap": "Sentences and concepts should be clear and well-structured, avoiding overly complex or convoluted narratives that might detract from the emotional impact."
    },
    "sound_restrictions": [
      "Avoid harsh or jarring sound effects that could disrupt the reflective and emotional mood of the audiobook.",
      "Limit the use of sudden, loud noises to prevent startling the listener and maintain a consistent, soothing atmosphere.",
      "Use background music and ambient sounds sparingly and ensure they enhance the mood without overwhelming the narrative."
    ],
    "theme_complexity": "Themes should be thought-provoking and emotionally resonant, exploring personal growth, relationships, and resilience. Complex themes should be presented in a way that is accessible and relatable to the target age group, with clear character motivations and realistic resolutions.",
    "violence_level": "MILD (Any depiction of conflict should be minimal and non-graphic, focusing on the emotional and psychological aspects of the characters' experiences.)",
    "emotional_intensity": "MODERATE (The audiobook should evoke a range of emotions, including moments of tension and despair, but these should be balanced with warmth and positivity to maintain a hopeful overall tone.)",
    "duration_caps": {
      "action_scenes": "5 minutes (to ensure that the focus remains on the emotional and reflective aspects of the story and to prevent the content from becoming too intense or overwhelming.)",
      "emotional_scenes": "10 minutes (to allow for deep emotional engagement while ensuring that the listener is not left feeling overly burdened or distressed.)",
      "suspense_buildup": "15 minutes (to build and maintain tension without leading to a sense of unresolved anxiety or fear, ensuring a satisfying resolution.)"
    }
  },
  "genre_options": {
    "option_a": {
      "primary_genre": "Drama",
      "complementary_genre": "Romance",
      "enhancement_analysis": "The drama provides a strong narrative foundation, while the romance adds emotional depth and character development. This blend creates a compelling story that resonates with listeners on a personal level, enhancing the reflective and hopeful tone.",
      "audio_elements": [
        "subtle background music that swells during emotional moments",
        "intimate dialogue with close-miked recording to emphasize private moments",
        "environmental sounds that reflect the setting, such as the rustling of leaves or the sound of a city street"
      ],
      "pacing_implications": "The blend allows for a balanced pacing, with dramatic tension building up to romantic resolutions, creating a rhythm that keeps listeners engaged without overwhelming them.",
      "audience_expectations": "Listeners expect a story that is emotionally engaging and thought-provoking, with a focus on character relationships and personal growth.",
      "signature_sounds": [
        "gentle piano chords during reflective moments",
        "soft, ambient background noise to create a cozy, intimate atmosphere"
      ],
      "mood_transitions": [
        "gradual shifts from tense, dramatic moments to softer, more romantic scenes",
        "use of music to bridge and smooth transitions between different emotional states"
      ]
    },
    "option_b": {
      "primary_genre": "Drama",
      "complementary_genre": "Self-Help",
      "enhancement_analysis": "The drama provides a narrative that can be used to explore self-help themes, making the content more relatable and actionable. This blend offers listeners both entertainment and practical insights, aligning with the heartwarming and reflective tone.",
      "audio_elements": [
        "narrative segments interspersed with practical advice and tips",
        "sound effects that enhance the realism of scenarios, such as the sound of a notebook being written in",
        "calming background music that supports the reflective nature of the content"
      ],
      "pacing_implications": "The blend allows for a slower, more contemplative pacing, with moments of introspection and self-discovery that encourage listeners to reflect on their own lives.",
      "audience_expectations": "Listeners expect a story that not only entertains but also offers valuable insights and advice, making it a meaningful addition to their daily routines.",
      "signature_sounds": [
        "soft chimes or bells to signal transitions to self-help segments",
        "whispering wind to create a sense of personal space and introspection"
      ],
      "mood_transitions": [
        "smooth transitions from dramatic scenes to reflective, self-help moments",
        "use of ambient sounds to create a seamless flow between different parts of the story"
      ]
    },
    "option_c": {
      "primary_genre": "Romance",
      "complementary_genre": "Self-Help",
      "enhancement_analysis": "The romance provides a narrative that can be used to explore self-help themes through the lens of relationships and personal growth. This blend offers a unique perspective on both genres, making the content both emotionally engaging and practically useful.",
      "audio_elements": [
        "romantic background music that underscores emotional connections",
        "practical advice and tips woven into the dialogue and narrative",
        "sound effects that enhance the realism of romantic and self-help scenarios, such as the sound of a coffee shop or a park"
      ],
      "pacing_implications": "The blend allows for a varied pacing, with romantic scenes that are both tense and tender, and self-help segments that are thoughtful and actionable.",
      "audience_expectations": "Listeners expect a story that combines the emotional highs of romance with the practical insights of self-help, creating a well-rounded and enriching listening experience.",
      "signature_sounds": [
        "soft, romantic piano during intimate moments",
        "gentle rain or wind to create a calming, introspective atmosphere"
      ],
      "mood_transitions": [
        "gradual shifts from romantic tension to moments of self-reflection",
        "use of subtle music and ambient sounds to guide listeners through different emotional states"
      ]
    }
  },
  "chosen_blend": "A",
  "chosen_blend_details": {
    "primary_genre": "Drama",
    "complementary_genre": "Romance",
    "enhancement_analysis": "The drama provides a strong narrative foundation, while the romance adds emotional depth and character development. This blend creates a compelling story that resonates with listeners on a personal level, enhancing the reflective and hopeful tone.",
    "audio_elements": [
      "subtle background music that swells during emotional moments",
      "intimate dialogue with close-miked recording to emphasize private moments",
      "environmental sounds that reflect the setting, such as the rustling of leaves or the sound of a city street"
    ],
    "pacing_implications": "The blend allows for a balanced pacing, with dramatic tension building up to romantic resolutions, creating a rhythm that keeps listeners engaged without overwhelming them.",
    "audience_expectations": "Listeners expect a story that is emotionally engaging and thought-provoking, with a focus on character relationships and personal growth.",
    "signature_sounds": [
      "gentle piano chords during reflective moments",
      "soft, ambient background noise to create a cozy, intimate atmosphere"
    ],
    "mood_transitions": [
      "gradual shifts from tense, dramatic moments to softer, more romantic scenes",
      "use of music to bridge and smooth transitions between different emotional states"
    ]
  },
  "tone_calibration": {
    "chosen_blend": "Drama + Romance",
    "episode_progression": [
      "Episode 1-3: The tone is set with a mix of emotional depth and reflective moments. The drama introduces the characters and their personal challenges, while the romance subtly hints at the potential for connection and support. The overall mood is somber yet hopeful, laying the groundwork for the characters' journeys.",
      "Episode 4-6: The tone evolves as the characters face more intense moments of tension and despair. The drama intensifies, and the romance deepens, providing a counterbalance to the darkness. The warmth and positivity of Tom's messages become more prominent, offering a beacon of hope.",
      "Episode 7-9: The tone develops further with a heightened focus on character growth and the strengthening of relationships. The drama reaches its peak, with high-stakes situations that test the characters' resolve. The romance becomes a source of strength and resilience, reinforcing the hopeful tone.",
      "Final episodes: The tone resolves with a sense of closure and transformation. The drama concludes with the resolution of major conflicts, and the romance culminates in a fulfilling and emotional conclusion. The overall mood is one of hope and newfound strength, with the characters having grown through their struggles."
    ],
    "tonal_shift_moments": [
      "Key moment 1: In Episode 2, during a pivotal conversation between the main characters, the tone shifts from reflective to more tense and emotional, setting the stage for their deepening connection.",
      "Key moment 2: In Episode 4, a major setback occurs, causing the tone to become darker and more despairing. This moment is a turning point, highlighting the characters' vulnerabilities.",
      "Key moment 3: In Episode 6, a significant act of kindness or support shifts the tone to a more hopeful and uplifting one, reinforcing the power of human connection.",
      "Key moment 4: In the final episode, the resolution of the main conflict brings a sense of closure and peace, with the tone becoming warm and positive, emphasizing the characters' growth and the strength of their bond."
    ],
    "audio_tone_techniques": [
      "Music technique: Use a mix of somber and uplifting musical pieces to convey the emotional depth and hopefulness. Subtle, orchestral scores can enhance reflective moments, while more dynamic and emotional music can heighten tension and emotional peaks.",
      "Voice technique: The narrator's tone should vary from a soft, reflective voice during introspective scenes to a more intense, dramatic tone during moments of conflict. The use of pauses and varied pacing can also convey the characters' emotional states.",
      "Sound design technique: Incorporate ambient sounds that reflect the mood of the scene, such as gentle rain for reflective moments or tense, ambient noises for moments of despair. Subtle sound effects can also enhance the emotional impact of key moments.",
      "Pacing technique: Vary the pacing to match the tone of the scene. Slower, deliberate pacing can enhance reflective and emotional moments, while faster pacing can build tension and urgency during dramatic scenes.",
      "Silence technique: Strategic use of silence can create powerful moments of tension and reflection. Pauses can allow listeners to absorb the emotional weight of a scene or build anticipation for what's to come."
    ],
    "light_dark_balance": "Throughout the audiobook, light and dark moments are carefully balanced to create a rich emotional tapestry. Dark moments of tension and despair are followed by lighter, more hopeful scenes that offer relief and emotional support. This balance ensures that the overall tone remains hopeful and resonant, even in the face of adversity.",
    "tension_curves": [
      "Episode arc: Each episode follows a tension curve that builds to a climax and then releases, providing a satisfying resolution before setting up the next episode. This structure keeps listeners engaged and emotionally invested.",
      "Season arc: The tension builds gradually across the episodes, with each episode adding layers to the characters' challenges and relationships. The final episodes bring the tension to a peak before resolving the major conflicts, creating a satisfying arc.",
      "Character arc: The emotional tension follows the characters' development, with moments of vulnerability and growth. The tension is highest when the characters face their deepest fears and doubts, but it is ultimately resolved as they find strength in each other and themselves."
    ],
    "audio_cues": {
      "rising_tension": "Use a gradual increase in the intensity of music and sound effects, coupled with a faster narration pace and more frequent pauses to build anticipation and suspense.",
      "emotional_peak": "Employ a crescendo in the music, a more emotive and expressive narration, and the strategic use of silence to allow the emotional impact to resonate with the listener.",
      "comic_relief": "Incorporate lighter, more playful music and sound effects, and use a more relaxed and warm tone in the narration to provide a moment of relief and contrast.",
      "resolution": "Use a soft, resolving musical score, a slower and more reflective narration pace, and the gentle fading out of sound effects to convey a sense of closure and peace."
    }
  },
  "session_id": "session_20251016_144915",
  "timestamp": "2025-10-16T15:14:23.020214"
}