{
  "Season Architecture Document": {
    "session_id": "session_20251016_235335",
    "timestamp": "2025-10-18T14:40:01.713476",
    "working_title": "The Accidental Lifeline",
    "primary_genre": "Drama",
    "target_age": "25-45",
    "episode_count": "3-6 episodes",
    "episode_length": "15-25 min each",
    "narrator_strategy": "With Narrator",
    "season_structure_document": {
      "style_recommendations": [
        {
          "style_name": "3-Act Micro",
          "justification": "This classic structure is perfect for a drama with 3-6 episodes, allowing for clear setup of characters and their relationships in Act 1, rising tension and conflict in Act 2, and resolution in Act 3. The balanced tone of light and dark moments can be distributed across these acts, with the narrator helping to define transitions and maintain emotional resonance.",
          "audio_application": "Clear act breaks can be marked with distinctive music cues or moments of silence. The narrator can introduce each act and provide transitions, with their tone shifting to match the emotional temperature of each act. Sound design can evolve from lighter, more open textures in Act 1 to more complex, layered sounds in Act 2, then resolving into a balanced, perhaps more reflective soundscape in Act 3.",
          "structure_implications": "With 3-6 episodes, this would likely mean 1-2 episodes per act, creating a tight, focused narrative. Each episode would need to advance both character development and plot significantly. The limited episode count works well with this structure, allowing for a complete arc without feeling rushed.",
          "demo_script": "[NARRATOR, with warm, inviting tone]\nThe cafe was unremarkable in every way but one—it was where three lives intersected on a Tuesday that would change everything. For Maya, it was simply a place to escape her empty apartment. For James, it was a temporary refuge from a job that was slowly crushing his spirit. And for Elena, it was where she planned to end her life.\n\n[SOUND: Gentle cafe ambience—soft chatter, coffee machines]\n\nMAYA\n(To herself, quietly)\nJust get through the day. One hour at a time.\n\n[SOUND: Chair scrapes as James sits nearby]\n\nJAMES\n(To Maya, with hesitant smile)\nIs this seat taken? Everywhere else is full.\n\nMAYA\n(Slightly surprised, then smiling)\nNo, please. It's a busy day.\n\n[NARRATOR]\nNeither could have known that this simple exchange would set them on a course that would test the boundaries of friendship, love, and sacrifice. They were simply two strangers sharing a table, unaware that across the room, Elena was watching them, wondering how they could seem so at peace in a world that felt to her like an endless storm.\n\n[SOUND: Soft piano music begins, marking transition to Act 2]\n\nNARRATOR\nThree weeks later, the three sat at the same table, but everything had changed. Maya had found Elena's suicide note left behind that day, and James had recognized the description of the woman sitting alone. Together, they had tracked her down, not knowing that their intervention would unravel secrets that would challenge everything they believed about themselves and each other.\n\nELENA\n(Voice trembling)\nYou shouldn't have interfered. You don't know what you've done.\n\nMAYA\nWe know you were hurting. We know you felt alone. But you're not anymore.\n\nJAMES\nWhatever you're running from, whatever secrets you're keeping—we're here now.\n\nELENA\n(Bitter laugh)\nYou have no idea. If you knew the truth, you'd run too.\n\nNARRATOR\nThe truth was indeed darker than they imagined—a past that connected them in ways they never could have anticipated. As their worlds collided, old wounds reopened and new ones formed. But in the darkness, something unexpected began to grow—a lifeline thrown in the most accidental of ways.\n\n[SOUND: Music shifts, becoming more hopeful, marking transition to Act 3]\n\nNARRATOR\nAnother month passed. The cafe was their meeting place once more, but the atmosphere had transformed. The secrets were out, the confrontation had passed, and now they faced the future together, scarred but healing.\n\nMAYA\nI never thought three broken people could make something whole.\n\nJAMES\nWe're not broken. Just... incomplete. And we complete each other.\n\nELENA\n(Smiling genuinely for the first time)\nYou saved me. Not just from that day, but from myself.\n\nNARRATOR\nThe accidental lifeline had become an intentional one. In saving Elena, Maya and James had saved themselves too. Their lives, once separate paths of quiet desperation, had merged into something unexpected and beautiful—a testament to the power of connection in a world that often feels disconnected."
        },
        {
          "style_name": "Rise→Fall→Redemption Arc",
          "justification": "This structure perfectly matches the described tone balance, allowing for hopeful beginnings (rise), darker moments of conflict (fall), and ultimately redemption that brings hope back. It's particularly well-suited for character-driven drama where protagonists face challenges that test them but ultimately lead to growth. The narrator can emphasize the emotional journey and thematic resonance.",
          "audio_application": "The audio design can mirror the character's journey, with bright, optimistic motifs in the rise phase that gradually become darker, more dissonant during the fall, then transform into something new yet familiar for redemption. The narrator's tone can shift from supportive to troubled to wise, reflecting the journey. Musical themes can evolve throughout, returning in transformed ways during redemption.",
          "structure_implications": "This structure maps naturally to a 3-episode season (one per phase) but can be expanded to 6 episodes (2 per phase). Each episode would need to clearly advance the corresponding phase while developing characters and relationships. The redemption phase would need particular attention to feel earned rather than contrived.",
          "demo_script": "[NARRATOR, with warm, optimistic tone]\nAlex Mercer had it all—a thriving career as a wildlife photographer, a beautiful home overlooking the Pacific, and a circle of friends who admired his seemingly perfect life. On the surface, he was the embodiment of success, but beneath that polished exterior lay a truth he was running from—one that would soon catch up with him.\n\n[SOUND: Ocean waves, distant seagulls, camera shutter clicks]\n\nALEX\n(To friend, cheerful)\nLife's good, Sam. Really good. Better than I ever imagined.\n\nSAM\n(With slight concern)\nYou seem tired, though. Working too hard again?\n\nALEX\n(Dismissive)\nJust the price of success. Nothing I can't handle.\n\n[NARRATOR]\nBut Alex couldn't handle it—not forever. The facade was cracking, and soon the perfect life would begin to unravel, taking everyone he cared about down with him. The rise was over; the fall was coming, and it would be devastating.\n\n[SOUND: Music shifts, becoming darker, more dissonant]\n\nNARRATOR\nSix months later, Alex sat in a sterile apartment, the ocean view replaced by brick walls. The career was in shambles, the friends were gone, and the truth he'd hidden had finally emerged in the most catastrophic way possible.\n\nALEX\n(To himself, voice raw)\nI destroyed everything. Everyone who tried to help me, I pushed away. I lied, I cheated... I became exactly what I hate.\n\n[SOUND: Rain against window, empty room echo]\n\nNARRATOR\nThe fall had been swift and brutal. A series of poor choices, each justified by the last, had led to professional disgrace and personal ruin. The man who had it all now had nothing but regret. But even in this darkness, a small light remained—a memory of kindness from someone he had once helped, a lifeline from his past that might just save his future.\n\n[SOUND: Gentle knock on door, hesitant footsteps]\n\nMARIA\n(Voice through door)\nAlex? It's Maria. From the wildlife preserve? Five years ago?\n\nALEX\n(Confused, wary)\nMaria... I... I'm sorry, I don't...\n\nMARIA\nYou probably don't remember. You took that photo of the injured hawk I was trying to save. Your picture helped us raise funds for the new sanctuary. I never forgot what you did.\n\n[SOUND: Music shifts, becoming more hopeful]\n\nNARRATOR\nMaria's visit was the first step in Alex's long journey back. The redemption wouldn't be easy or quick, but for the first time in years, Alex was ready to face the truth about himself and start making amends. The fall had taught him what success truly meant, and now he had a chance to rebuild not just his life, but his soul.\n\nALEX\n(Voice breaking)\nI don't deserve your kindness, Maria. Not after everything I've done.\n\nMARIA\nNone of us deserve grace. That's what makes it grace. Come work with me at the sanctuary. We could use someone with your skills.\n\nALEX\n(Hopeful, tentative)\nYou'd really give me a chance? After what I've done?\n\nMARIA\nEveryone deserves a second chance, Alex. Even you.\n\nNARRATOR\nThe road ahead would be long, but for the first time, Alex was walking in the right direction—toward redemption, toward authenticity, toward a life rebuilt on honesty rather than illusion. The accidental lifeline thrown to him years ago had become the anchor he needed to save himself."
        },
        {
          "style_name": "Ring Composition",
          "justification": "This structure creates a satisfying full-circle narrative that can effectively highlight character transformation. It begins and ends in similar circumstances but with changed understanding, which works well for a drama focused on relationships and personal growth. The narrator can emphasize the cyclical nature and how meaning has transformed.",
          "audio_application": "The opening and closing scenes would share sonic elements (location sounds, musical motifs) but with the latter presented in transformed ways, showing how the situation has changed. The narrator can bookend the story with similar phrasing that carries different weight at the end. Sound motifs introduced early would return later with new significance.",
          "structure_implications": "For a 3-6 episode season, this structure could have Episode 1 establish the initial situation, middle episodes develop the journey and challenges, and the final episode return to the starting point with transformed meaning. This creates a contained, emotionally resonant arc that works well within the episode constraints.",
          "demo_script": "[NARRATOR, with reflective tone]\nThe train station was always busiest at 5:17 PM—that magical moment when the 5:15 express from the city arrived, carrying with it the hopes and fears of hundreds of commuters. For Sarah, it was the moment she watched her husband step off the train, returning from another day at a job that was slowly killing him.\n\n[SOUND: Train arrival announcements, crowd bustle, distant train whistle]\n\nSARAH\n(To herself, with forced cheerfulness)\nJust a few more years until retirement. We can make it.\n\n[NARRATOR]\nSarah had been telling herself that for fifteen years, ever since David had taken the promotions that promised security but demanded his soul. They had a beautiful home, two successful children, and all the markers of a life well-lived—except for the spark that had slowly faded from David's eyes. Today would be different, though. Today Sarah had a plan to bring that spark back.\n\n[SOUND: Train doors opening, crowd movement]\n\nDAVID\n(Approaching, weary)\nTraffic was hell today. I swear it gets worse every week.\n\nSARAH\n(Kissing his cheek)\nI made your favorite. And I have something to tell you over dinner.\n\nDAVID\n(With faint interest)\nOh? What's that?\n\nSARAH\n(Mysterious smile)\nIt's a surprise.\n\n[NARRATOR]\nWhat David didn't know was that Sarah had secretly used their savings to book a three-month sabbatical for him—a chance to rediscover the artist he had been before corporate life had consumed him. She had arranged for a small gallery to show his old work and contacted old friends from art school. The surprise would change everything, in ways neither could anticipate.\n\n[SOUND: Music shifts, becoming more complex]\n\nNARRATOR\nThree months later, Sarah stood at the same train station, waiting for the same 5:17 train. But everything had changed. David's art show had been a success, rejuvenating his creative spirit. An old flame had reappeared, offering David a chance at a life he had thought lost forever. And Sarah had discovered her own strength and independence during their time apart.\n\n[SOUND: Train arrival, same as before]\n\nSARAH\n(To herself, uncertain)\nI thought I knew what I wanted. I thought I was giving him a gift. But what if I was just setting us both free?\n\n[NARRATOR]\nThe choices they would make in the coming days would redefine their marriage, their family, and their futures. The station that had symbolized David's imprisonment in a life he never wanted had become the threshold to a new beginning—for both of them.\n\nDAVID\n(Arriving, different energy—alive, present)\nSarah. There you are.\n\nSARAH\n(With emotion)\nDavid. How was the gallery?\n\nDAVID\n(Smiling genuinely)\nIt was incredible. I sold three pieces. And... I had a call. About a residency. In Vermont. For the summer.\n\nSARAH\n(Taking a breath)\nThat's... wonderful. Really.\n\nDAVID\n(Watching her carefully)\nI told them I needed to talk to you first. That I wouldn't make any decisions without you.\n\n[SOUND: Music shifts, softer, more reflective]\n\nNARRATOR\nSarah had come to the station planning to tell David she wanted a divorce, to set them both free to pursue the lives they truly wanted. But looking at him now—the light back in his eyes, the creativity flowing once more—she wasn't sure that was the right path anymore. The station that had been the beginning of this journey might now be the place where they chose their next direction together.\n\nSARAH\n(Tears in her eyes)\nI thought I was setting you free, David. I didn't realize I was setting us both free.\n\nDAVID\n(Taking her hand)\nWhat do you want, Sarah? Truly?\n\nSARAH\n(Looking at the train station, then at David)\nI want you to be happy. And I want to find out if I can be happy too. Maybe... maybe we can do that together.\n\nNARRATOR\nThe train station stood as it always had, a place of arrivals and departures, endings and beginnings. But for Sarah and David, it had become something more—a mirror reflecting the life they had and the life they might yet create, together or apart. The circle was complete, but the meaning had transformed completely."
        }
      ],
      "season_skeleton": {
        "macro_structure": {
          "act_1": "Episodes 1-2",
          "act_2": "Episodes 3-4",
          "act_3": "Episode 5"
        },
        "episode_grid": [
          {
            "episode_number": 1,
            "primary_function": "Setup",
            "energy_level": 6,
            "subplot_focus": "Character Introduction",
            "cliffhanger_type": "Revelation"
          },
          {
            "episode_number": 2,
            "primary_function": "Complication",
            "energy_level": 7,
            "subplot_focus": "Relationship Building",
            "cliffhanger_type": "Crisis"
          },
          {
            "episode_number": 3,
            "primary_function": "Confrontation",
            "energy_level": 8,
            "subplot_focus": "Secret Revelation",
            "cliffhanger_type": "Betrayal"
          },
          {
            "episode_number": 4,
            "primary_function": "Climax",
            "energy_level": 9,
            "subplot_focus": "All is Lost",
            "cliffhanger_type": "Life-or-Death Decision"
          },
          {
            "episode_number": 5,
            "primary_function": "Resolution",
            "energy_level": 7,
            "subplot_focus": "Resolution and Growth",
            "cliffhanger_type": "None"
          }
        ]
      },
      "rhythm_mapping": {
        "tension_peaks": [
          2,
          4
        ],
        "breathing_room": [
          1,
          3
        ],
        "format_breaks": [
          5
        ],
        "revelation_cascade": [
          1,
          3,
          5
        ]
      }
    },
    "readable_summary": "======================================================================\nSTATION 5: SEASON ARCHITECT\n======================================================================\n\nWorking Title: The Accidental Lifeline\nPrimary Genre: Drama\nTarget Age: 25-45\nEpisode Count: 3-6 episodes\nEpisode Length: 15-25 min each\nNarrator Strategy: With Narrator\n\n----------------------------------------------------------------------\nSTYLE RECOMMENDATIONS\n----------------------------------------------------------------------\n\n1. 3-Act Micro\n   Justification: This classic structure is perfect for a drama with 3-6 episodes, allowing for clear setup of characters and their relationships in Act 1, rising tension and conflict in Act 2, and resolution in Act 3. The balanced tone of light and dark moments can be distributed across these acts, with the narrator helping to define transitions and maintain emotional resonance.\n   Audio Application: Clear act breaks can be marked with distinctive music cues or moments of silence. The narrator can introduce each act and provide transitions, with their tone shifting to match the emotional temperature of each act. Sound design can evolve from lighter, more open textures in Act 1 to more complex, layered sounds in Act 2, then resolving into a balanced, perhaps more reflective soundscape in Act 3.\n   Structure Implications: With 3-6 episodes, this would likely mean 1-2 episodes per act, creating a tight, focused narrative. Each episode would need to advance both character development and plot significantly. The limited episode count works well with this structure, allowing for a complete arc without feeling rushed.\n\n2. Rise→Fall→Redemption Arc\n   Justification: This structure perfectly matches the described tone balance, allowing for hopeful beginnings (rise), darker moments of conflict (fall), and ultimately redemption that brings hope back. It's particularly well-suited for character-driven drama where protagonists face challenges that test them but ultimately lead to growth. The narrator can emphasize the emotional journey and thematic resonance.\n   Audio Application: The audio design can mirror the character's journey, with bright, optimistic motifs in the rise phase that gradually become darker, more dissonant during the fall, then transform into something new yet familiar for redemption. The narrator's tone can shift from supportive to troubled to wise, reflecting the journey. Musical themes can evolve throughout, returning in transformed ways during redemption.\n   Structure Implications: This structure maps naturally to a 3-episode season (one per phase) but can be expanded to 6 episodes (2 per phase). Each episode would need to clearly advance the corresponding phase while developing characters and relationships. The redemption phase would need particular attention to feel earned rather than contrived.\n\n3. Ring Composition\n   Justification: This structure creates a satisfying full-circle narrative that can effectively highlight character transformation. It begins and ends in similar circumstances but with changed understanding, which works well for a drama focused on relationships and personal growth. The narrator can emphasize the cyclical nature and how meaning has transformed.\n   Audio Application: The opening and closing scenes would share sonic elements (location sounds, musical motifs) but with the latter presented in transformed ways, showing how the situation has changed. The narrator can bookend the story with similar phrasing that carries different weight at the end. Sound motifs introduced early would return later with new significance.\n   Structure Implications: For a 3-6 episode season, this structure could have Episode 1 establish the initial situation, middle episodes develop the journey and challenges, and the final episode return to the starting point with transformed meaning. This creates a contained, emotionally resonant arc that works well within the episode constraints.\n\n----------------------------------------------------------------------\nSEASON SKELETON\n----------------------------------------------------------------------\n\nMACRO STRUCTURE:\n  act_1: Episodes 1-2\n  act_2: Episodes 3-4\n  act_3: Episode 5\n\nEPISODE GRID:\n  Episode 1: Setup (Energy: 6, Subplot: Character Introduction, Cliffhanger: Revelation)\n  Episode 2: Complication (Energy: 7, Subplot: Relationship Building, Cliffhanger: Crisis)\n  Episode 3: Confrontation (Energy: 8, Subplot: Secret Revelation, Cliffhanger: Betrayal)\n  Episode 4: Climax (Energy: 9, Subplot: All is Lost, Cliffhanger: Life-or-Death Decision)\n  Episode 5: Resolution (Energy: 7, Subplot: Resolution and Growth, Cliffhanger: None)\n\n----------------------------------------------------------------------\nRHYTHM MAPPING\n----------------------------------------------------------------------\n\nTension Peaks: Episodes 2, 4\nBreathing Room: Episodes 1, 3\nFormat Breaks: Episodes 5\nRevelation Cascade: Episodes 1, 3, 5\n\n======================================================================\nEND OF SEASON ARCHITECTURE\n======================================================================"
  }
}